ok - fm-control removes the dialog file after exit and after relaunch
ok - fm-control exit removes the dialog file before it releases the control lock
ok - fm-control relaunch: a same-harness relaunch replaces the agent in the same endpoint and worktree
ok - fm-control relaunch: pending composer text refuses before the exit command is typed
ok - fm-control relaunch: an unreadable composer fails safe before the exit command is typed
ok - fm-control relaunch: a linked spawning home preserves committed and unfinished work in the recorded copy
ok - fm-control relaunch: durable task metadata survives replacement launch publication
ok - fm-control relaunch: delivery and concurrent task metadata publication serialize
ok - fm-control relaunch: disabling tracing clears metadata and pane context
ok - fm-control relaunch: progress and the Firstmate-worktree worker identity reach the replacement
ok - fm-control relaunch: a ship task refuses without the progress note its replacement needs
ok - fm-control relaunch: switching harness is one ordinary relaunch, and the old wiring goes with the old agent
ok - fm-control relaunch: a harness switch resets model and effort unless they are named too
ok - fm-control relaunch: a prefixed recorded harness can switch adapters transactionally
ok - fm-control relaunch: a prefixed command requires an explicit replacement harness
ok - fm-control relaunch: a same-harness relaunch keeps the profile axes it was running with
ok - native Ultra relaunch preserves its profile and rejects an unsupported model before stopping
ok - fm-control relaunch: a signed-out worker account pin refuses before the old agent stops
ok - fm-control relaunch: the replacement follows the home's current worker account pin
ok - fm-control relaunch: explicit model and effort win over the recorded ones
ok - fm-control relaunch: refuses to relaunch onto an adapter with no verified mechanics
ok - fm-control relaunch: the retired incarnation's global turn-end token is revoked
ok - fm-control relaunch: wiring cleanup failure refuses replacement arming
ok - fm-control-lib: one owner resolves each harness's turn-end registry entry, and refuses a malformed token
ok - fm-control relaunch: a secondmate relaunch re-resolves its durable configured harness pin
ok - fm-control relaunch: invalid configured effort is ignored before stop
ok - fm-control relaunch: an adapter unverified for this task kind refuses before the agent is stopped
ok - fm-control relaunch: explicit secondmate harness resets unnamed profile axes
ok - fm-control relaunch: a ship task keeps its recorded harness instead of re-reading crew config
ok - fm-spawn --relaunch: with no explicit harness it reuses the task's recorded one, never the crew default
ok - fm-spawn --relaunch: a promoted scout with a recorded custom branch relaunches on it instead of being refused
ok - fm-promote/fm-spawn --relaunch: the current ship contract supersedes stale scout delivery text
ok - fm-spawn --relaunch: wiring armed under a prefixed harness name is still retired
ok - fm-spawn --relaunch: switching away from muse retires its session binding
ok - fm-spawn --relaunch: switching away from cursor retires its session binding
ok - fm-control relaunch: an unaccountable local copy refuses before the agent is touched
ok - fm-control relaunch: a worker with nothing to work from is never launched
ok - fm-control relaunch: a refusal before the agent is stopped leaves the durable record untouched
ok - fm-control relaunch: checkpoint inspection failures refuse before stopping
ok - fm-control relaunch: a launch failure after the stop keeps the prior record and reports the real state
ok - fm-control relaunch: unpublished rollback keeps concurrent durable metadata
ok - fm-control relaunch: post-publication failure keeps the new durable record
ok - fm-control relaunch: partial stop reconciles actual agent state
ok - fm-control relaunch: failed journal replacement preserves durable phase
ok - fm-spawn relaunch: prepublication abort removes replacement state
ok - fm-control relaunch: the checkpoint records the exact unlanded work it preserved
ok - fm-control relaunch: a secondmate's child work is accounted for and its charter is left alone
ok - fm-control relaunch: a secondmate home that is not this secondmate's is refused
ok - fm-control relaunch: unreadable child records fail checkpoint
ok - fm-control relaunch: unlistable state fails checkpoint
ok - fm-control relaunch: a vanished watcher scratch file does not fail the child-record checkpoint
ok - fm-control relaunch: two control actions on one task serialize instead of interleaving
ok - fm-spawn relaunch: direct entry participates in lifecycle serialization
ok - fm-promote: promotion participates in lifecycle serialization
ok - fm-spawn --relaunch: refuses to launch a second agent into a live endpoint
ok - fm-spawn --relaunch: symlinked records refuse before inspection
ok - fm-spawn --relaunch: keeps its early meta lock continuous
ok - fm-spawn --relaunch: pending closes refuse before replacement begins
ok - fm-spawn --relaunch: every identity axis comes from the record, and a contradicting flag refuses
ok - fm-spawn --relaunch: an unrecorded task is refused
ok - fm-spawn --relaunch: refuses to start a replacement outside the copy holding its work
ok - tmux: a window absent from its session refuses both verbs rather than being assumed gone
ok - tmux: an unfindable session refuses both verbs, so a live agent is never duplicated
ok - tmux: a dead server on this socket refuses both verbs rather than proving absence
ok - reclaim: an unclassifiable endpoint is still refused, so two agents cannot share one
sed: 1: "/private/var/folders/tx ...": invalid command code v
sed: 1: "/private/var/folders/tx ...": invalid command code v
ok - fm-spawn --relaunch: resumes the bound Pi session only for a Pi registration
ok - reclaim: a herdr pane that outlived its stopped server is adopted, never orphaned beside a new tab
ok - fm-control exit: a herdr pane that outlived its stopped server is already-stopped, not gone
ok - reclaim: a herdr rebind is created in the session the record names, never the ambient one
ok - reclaim: a herdr agent that came back with its server refuses, so one worktree keeps one agent
ok - reclaim: a herdr reclaim rebinds the endpoint and leaves the whole rest of the task alone
ok - reclaim: a herdr secondmate whose endpoint is gone is sent to its own respawn owner
ok - reclaim: a rebind refused from a plain shell reports the real cause, not a fabricated session mismatch
ok - relaunch re-reads the backlog item instead of blindly re-running the transition
ok - relaunch heals an item that drifted out of In flight while the task stayed live
rm: /private/var/folders/tx/1rphyw7154x0k2jc1vcs5gth0000gn/T/fm-control-relaunch.50S9t4/completejournal-19318/home/state/rl27.git-hooks/pre-rebase: Permission denied
rm: /private/var/folders/tx/1rphyw7154x0k2jc1vcs5gth0000gn/T/fm-control-relaunch.50S9t4/completejournal-19318/home/state/rl27.git-hooks/pre-applypatch: Permission denied
rm: /private/var/folders/tx/1rphyw7154x0k2jc1vcs5gth0000gn/T/fm-control-relaunch.50S9t4/completejournal-19318/home/state/rl27.git-hooks/pre-auto-gc: Permission denied
rm: /private/var/folders/tx/1rphyw7154x0k2jc1vcs5gth0000gn/T/fm-control-relaunch.50S9t4/completejournal-19318/home/state/rl27.git-hooks/pre-merge-commit: Permission denied
rm: /private/var/folders/tx/1rphyw7154x0k2jc1vcs5gth0000gn/T/fm-control-relaunch.50S9t4/completejournal-19318/home/state/rl27.git-hooks/post-commit: Permission denied
rm: /private/var/folders/tx/1rphyw7154x0k2jc1vcs5gth0000gn/T/fm-control-relaunch.50S9t4/completejournal-19318/home/state/rl27.git-hooks/sendemail-validate: Permission denied
rm: /private/var/folders/tx/1rphyw7154x0k2jc1vcs5gth0000gn/T/fm-control-relaunch.50S9t4/completejournal-19318/home/state/rl27.git-hooks/applypatch-msg: Permission denied
rm: /private/var/folders/tx/1rphyw7154x0k2jc1vcs5gth0000gn/T/fm-control-relaunch.50S9t4/completejournal-19318/home/state/rl27.git-hooks/prepare-commit-msg: Permission denied
rm: /private/var/folders/tx/1rphyw7154x0k2jc1vcs5gth0000gn/T/fm-control-relaunch.50S9t4/completejournal-19318/home/state/rl27.git-hooks/post-checkout: Permission denied
rm: /private/var/folders/tx/1rphyw7154x0k2jc1vcs5gth0000gn/T/fm-control-relaunch.50S9t4/completejournal-19318/home/state/rl27.git-hooks/post-applypatch: Permission denied
rm: /private/var/folders/tx/1rphyw7154x0k2jc1vcs5gth0000gn/T/fm-control-relaunch.50S9t4/completejournal-19318/home/state/rl27.git-hooks/post-rewrite: Permission denied
rm: /private/var/folders/tx/1rphyw7154x0k2jc1vcs5gth0000gn/T/fm-control-relaunch.50S9t4/completejournal-19318/home/state/rl27.git-hooks/commit-msg: Permission denied
rm: /private/var/folders/tx/1rphyw7154x0k2jc1vcs5gth0000gn/T/fm-control-relaunch.50S9t4/completejournal-19318/home/state/rl27.git-hooks/pre-push: Permission denied
rm: /private/var/folders/tx/1rphyw7154x0k2jc1vcs5gth0000gn/T/fm-control-relaunch.50S9t4/completejournal-19318/home/state/rl27.git-hooks/post-merge: Permission denied
rm: /private/var/folders/tx/1rphyw7154x0k2jc1vcs5gth0000gn/T/fm-control-relaunch.50S9t4/completejournal-19318/home/state/rl27.git-hooks/pre-commit: Permission denied
rm: /private/var/folders/tx/1rphyw7154x0k2jc1vcs5gth0000gn/T/fm-control-relaunch.50S9t4/completejournal-19318/home/state/rl27.git-hooks: Directory not empty
rm: /private/var/folders/tx/1rphyw7154x0k2jc1vcs5gth0000gn/T/fm-control-relaunch.50S9t4/completejournal-19318/home/state: Directory not empty
rm: /private/var/folders/tx/1rphyw7154x0k2jc1vcs5gth0000gn/T/fm-control-relaunch.50S9t4/completejournal-19318/home: Directory not empty
rm: /private/var/folders/tx/1rphyw7154x0k2jc1vcs5gth0000gn/T/fm-control-relaunch.50S9t4/completejournal-19318: Directory not empty
rm: /private/var/folders/tx/1rphyw7154x0k2jc1vcs5gth0000gn/T/fm-control-relaunch.50S9t4/prefixcontrol-18454/home/state/rl32.git-hooks/pre-rebase: Permission denied
rm: /private/var/folders/tx/1rphyw7154x0k2jc1vcs5gth0000gn/T/fm-control-relaunch.50S9t4/prefixcontrol-18454/home/state/rl32.git-hooks/pre-applypatch: Permission denied
rm: /private/var/folders/tx/1rphyw7154x0k2jc1vcs5gth0000gn/T/fm-control-relaunch.50S9t4/prefixcontrol-18454/home/state/rl32.git-hooks/pre-auto-gc: Permission denied
rm: /private/var/folders/tx/1rphyw7154x0k2jc1vcs5gth0000gn/T/fm-control-relaunch.50S9t4/prefixcontrol-18454/home/state/rl32.git-hooks/pre-merge-commit: Permission denied
rm: /private/var/folders/tx/1rphyw7154x0k2jc1vcs5gth0000gn/T/fm-control-relaunch.50S9t4/prefixcontrol-18454/home/state/rl32.git-hooks/post-commit: Permission denied
rm: /private/var/folders/tx/1rphyw7154x0k2jc1vcs5gth0000gn/T/fm-control-relaunch.50S9t4/prefixcontrol-18454/home/state/rl32.git-hooks/sendemail-validate: Permission denied
rm: /private/var/folders/tx/1rphyw7154x0k2jc1vcs5gth0000gn/T/fm-control-relaunch.50S9t4/prefixcontrol-18454/home/state/rl32.git-hooks/applypatch-msg: Permission denied
rm: /private/var/folders/tx/1rphyw7154x0k2jc1vcs5gth0000gn/T/fm-control-relaunch.50S9t4/prefixcontrol-18454/home/state/rl32.git-hooks/prepare-commit-msg: Permission denied
rm: /private/var/folders/tx/1rphyw7154x0k2jc1vcs5gth0000gn/T/fm-control-relaunch.50S9t4/prefixcontrol-18454/home/state/rl32.git-hooks/post-checkout: Permission denied
rm: /private/var/folders/tx/1rphyw7154x0k2jc1vcs5gth0000gn/T/fm-control-relaunch.50S9t4/prefixcontrol-18454/home/state/rl32.git-hooks/post-applypatch: Permission denied
rm: /private/var/folders/tx/1rphyw7154x0k2jc1vcs5gth0000gn/T/fm-control-relaunch.50S9t4/prefixcontrol-18454/home/state/rl32.git-hooks/post-rewrite: Permission denied
rm: /private/var/folders/tx/1rphyw7154x0k2jc1vcs5gth0000gn/T/fm-control-relaunch.50S9t4/prefixcontrol-18454/home/state/rl32.git-hooks/commit-msg: Permission denied
rm: /private/var/folders/tx/1rphyw7154x0k2jc1vcs5gth0000gn/T/fm-control-relaunch.50S9t4/prefixcontrol-18454/home/state/rl32.git-hooks/pre-push: Permission denied
rm: /private/var/folders/tx/1rphyw7154x0k2jc1vcs5gth0000gn/T/fm-control-relaunch.50S9t4/prefixcontrol-18454/home/state/rl32.git-hooks/post-merge: Permission denied
rm: /private/var/folders/tx/1rphyw7154x0k2jc1vcs5gth0000gn/T/fm-control-relaunch.50S9t4/prefixcontrol-18454/home/state/rl32.git-hooks/pre-commit: Permission denied
rm: /private/var/folders/tx/1rphyw7154x0k2jc1vcs5gth0000gn/T/fm-control-relaunch.50S9t4/prefixcontrol-18454/home/state/rl32.git-hooks: Directory not empty
rm: /private/var/folders/tx/1rphyw7154x0k2jc1vcs5gth0000gn/T/fm-control-relaunch.50S9t4/prefixcontrol-18454/home/state: Directory not empty
rm: /private/var/folders/tx/1rphyw7154x0k2jc1vcs5gth0000gn/T/fm-control-relaunch.50S9t4/prefixcontrol-18454/home: Directory not empty
rm: /private/var/folders/tx/1rphyw7154x0k2jc1vcs5gth0000gn/T/fm-control-relaunch.50S9t4/prefixcontrol-18454: Directory not empty
rm: /private/var/folders/tx/1rphyw7154x0k2jc1vcs5gth0000gn/T/fm-control-relaunch.50S9t4/acct-26362/home/state/rl-acct.git-hooks/pre-rebase: Permission denied
rm: /private/var/folders/tx/1rphyw7154x0k2jc1vcs5gth0000gn/T/fm-control-relaunch.50S9t4/acct-26362/home/state/rl-acct.git-hooks/pre-applypatch: Permission denied
rm: /private/var/folders/tx/1rphyw7154x0k2jc1vcs5gth0000gn/T/fm-control-relaunch.50S9t4/acct-26362/home/state/rl-acct.git-hooks/pre-auto-gc: Permission denied
rm: /private/var/folders/tx/1rphyw7154x0k2jc1vcs5gth0000gn/T/fm-control-relaunch.50S9t4/acct-26362/home/state/rl-acct.git-hooks/pre-merge-commit: Permission denied
rm: /private/var/folders/tx/1rphyw7154x0k2jc1vcs5gth0000gn/T/fm-control-relaunch.50S9t4/acct-26362/home/state/rl-acct.git-hooks/post-commit: Permission denied
rm: /private/var/folders/tx/1rphyw7154x0k2jc1vcs5gth0000gn/T/fm-control-relaunch.50S9t4/acct-26362/home/state/rl-acct.git-hooks/sendemail-validate: Permission denied
rm: /private/var/folders/tx/1rphyw7154x0k2jc1vcs5gth0000gn/T/fm-control-relaunch.50S9t4/acct-26362/home/state/rl-acct.git-hooks/applypatch-msg: Permission denied
rm: /private/var/folders/tx/1rphyw7154x0k2jc1vcs5gth0000gn/T/fm-control-relaunch.50S9t4/acct-26362/home/state/rl-acct.git-hooks/prepare-commit-msg: Permission denied
rm: /private/var/folders/tx/1rphyw7154x0k2jc1vcs5gth0000gn/T/fm-control-relaunch.50S9t4/acct-26362/home/state/rl-acct.git-hooks/post-checkout: Permission denied
rm: /private/var/folders/tx/1rphyw7154x0k2jc1vcs5gth0000gn/T/fm-control-relaunch.50S9t4/acct-26362/home/state/rl-acct.git-hooks/post-applypatch: Permission denied
rm: /private/var/folders/tx/1rphyw7154x0k2jc1vcs5gth0000gn/T/fm-control-relaunch.50S9t4/acct-26362/home/state/rl-acct.git-hooks/post-rewrite: Permission denied
rm: /private/var/folders/tx/1rphyw7154x0k2jc1vcs5gth0000gn/T/fm-control-relaunch.50S9t4/acct-26362/home/state/rl-acct.git-hooks/commit-msg: Permission denied
rm: /private/var/folders/tx/1rphyw7154x0k2jc1vcs5gth0000gn/T/fm-control-relaunch.50S9t4/acct-26362/home/state/rl-acct.git-hooks/pre-push: Permission denied
rm: /private/var/folders/tx/1rphyw7154x0k2jc1vcs5gth0000gn/T/fm-control-relaunch.50S9t4/acct-26362/home/state/rl-acct.git-hooks/post-merge: Permission denied
rm: /private/var/folders/tx/1rphyw7154x0k2jc1vcs5gth0000gn/T/fm-control-relaunch.50S9t4/acct-26362/home/state/rl-acct.git-hooks/pre-commit: Permission denied
rm: /private/var/folders/tx/1rphyw7154x0k2jc1vcs5gth0000gn/T/fm-control-relaunch.50S9t4/acct-26362/home/state/rl-acct.git-hooks: Directory not empty
rm: /private/var/folders/tx/1rphyw7154x0k2jc1vcs5gth0000gn/T/fm-control-relaunch.50S9t4/acct-26362/home/state: Directory not empty
rm: /private/var/folders/tx/1rphyw7154x0k2jc1vcs5gth0000gn/T/fm-control-relaunch.50S9t4/acct-26362/home: Directory not empty
rm: /private/var/folders/tx/1rphyw7154x0k2jc1vcs5gth0000gn/T/fm-control-relaunch.50S9t4/acct-26362: Directory not empty
rm: /private/var/folders/tx/1rphyw7154x0k2jc1vcs5gth0000gn/T/fm-control-relaunch.50S9t4/continuous-meta-lock-21742/home/state/rl38.git-hooks/pre-rebase: Permission denied
rm: /private/var/folders/tx/1rphyw7154x0k2jc1vcs5gth0000gn/T/fm-control-relaunch.50S9t4/continuous-meta-lock-21742/home/state/rl38.git-hooks/pre-applypatch: Permission denied
rm: /private/var/folders/tx/1rphyw7154x0k2jc1vcs5gth0000gn/T/fm-control-relaunch.50S9t4/continuous-meta-lock-21742/home/state/rl38.git-hooks/pre-auto-gc: Permission denied
rm: /private/var/folders/tx/1rphyw7154x0k2jc1vcs5gth0000gn/T/fm-control-relaunch.50S9t4/continuous-meta-lock-21742/home/state/rl38.git-hooks/pre-merge-commit: Permission denied
rm: /private/var/folders/tx/1rphyw7154x0k2jc1vcs5gth0000gn/T/fm-control-relaunch.50S9t4/continuous-meta-lock-21742/home/state/rl38.git-hooks/post-commit: Permission denied
rm: /private/var/folders/tx/1rphyw7154x0k2jc1vcs5gth0000gn/T/fm-control-relaunch.50S9t4/continuous-meta-lock-21742/home/state/rl38.git-hooks/sendemail-validate: Permission denied
rm: /private/var/folders/tx/1rphyw7154x0k2jc1vcs5gth0000gn/T/fm-control-relaunch.50S9t4/continuous-meta-lock-21742/home/state/rl38.git-hooks/applypatch-msg: Permission denied
rm: /private/var/folders/tx/1rphyw7154x0k2jc1vcs5gth0000gn/T/fm-control-relaunch.50S9t4/continuous-meta-lock-21742/home/state/rl38.git-hooks/prepare-commit-msg: Permission denied
rm: /private/var/folders/tx/1rphyw7154x0k2jc1vcs5gth0000gn/T/fm-control-relaunch.50S9t4/continuous-meta-lock-21742/home/state/rl38.git-hooks/post-checkout: Permission denied
rm: /private/var/folders/tx/1rphyw7154x0k2jc1vcs5gth0000gn/T/fm-control-relaunch.50S9t4/continuous-meta-lock-21742/home/state/rl38.git-hooks/post-applypatch: Permission denied
rm: /private/var/folders/tx/1rphyw7154x0k2jc1vcs5gth0000gn/T/fm-control-relaunch.50S9t4/continuous-meta-lock-21742/home/state/rl38.git-hooks/post-rewrite: Permission denied
rm: /private/var/folders/tx/1rphyw7154x0k2jc1vcs5gth0000gn/T/fm-control-relaunch.50S9t4/continuous-meta-lock-21742/home/state/rl38.git-hooks/commit-msg: Permission denied
rm: /private/var/folders/tx/1rphyw7154x0k2jc1vcs5gth0000gn/T/fm-control-relaunch.50S9t4/continuous-meta-lock-21742/home/state/rl38.git-hooks/pre-push: Permission denied
rm: /private/var/folders/tx/1rphyw7154x0k2jc1vcs5gth0000gn/T/fm-control-relaunch.50S9t4/continuous-meta-lock-21742/home/state/rl38.git-hooks/post-merge: Permission denied
rm: /private/var/folders/tx/1rphyw7154x0k2jc1vcs5gth0000gn/T/fm-control-relaunch.50S9t4/continuous-meta-lock-21742/home/state/rl38.git-hooks/pre-commit: Permission denied
rm: /private/var/folders/tx/1rphyw7154x0k2jc1vcs5gth0000gn/T/fm-control-relaunch.50S9t4/continuous-meta-lock-21742/home/state/rl38.git-hooks: Directory not empty
rm: /private/var/folders/tx/1rphyw7154x0k2jc1vcs5gth0000gn/T/fm-control-relaunch.50S9t4/continuous-meta-lock-21742/home/state: Directory not empty
rm: /private/var/folders/tx/1rphyw7154x0k2jc1vcs5gth0000gn/T/fm-control-relaunch.50S9t4/continuous-meta-lock-21742/home: Directory not empty
rm: /private/var/folders/tx/1rphyw7154x0k2jc1vcs5gth0000gn/T/fm-control-relaunch.50S9t4/continuous-meta-lock-21742: Directory not empty
rm: /private/var/folders/tx/1rphyw7154x0k2jc1vcs5gth0000gn/T/fm-control-relaunch.50S9t4/prepublishcleanup-24814/home/state/rl28.git-hooks/pre-rebase: Permission denied
rm: /private/var/folders/tx/1rphyw7154x0k2jc1vcs5gth0000gn/T/fm-control-relaunch.50S9t4/prepublishcleanup-24814/home/state/rl28.git-hooks/pre-applypatch: Permission denied
rm: /private/var/folders/tx/1rphyw7154x0k2jc1vcs5gth0000gn/T/fm-control-relaunch.50S9t4/prepublishcleanup-24814/home/state/rl28.git-hooks/pre-auto-gc: Permission denied
rm: /private/var/folders/tx/1rphyw7154x0k2jc1vcs5gth0000gn/T/fm-control-relaunch.50S9t4/prepublishcleanup-24814/home/state/rl28.git-hooks/pre-merge-commit: Permission denied
rm: /private/var/folders/tx/1rphyw7154x0k2jc1vcs5gth0000gn/T/fm-control-relaunch.50S9t4/prepublishcleanup-24814/home/state/rl28.git-hooks/post-commit: Permission denied
rm: /private/var/folders/tx/1rphyw7154x0k2jc1vcs5gth0000gn/T/fm-control-relaunch.50S9t4/prepublishcleanup-24814/home/state/rl28.git-hooks/sendemail-validate: Permission denied
rm: /private/var/folders/tx/1rphyw7154x0k2jc1vcs5gth0000gn/T/fm-control-relaunch.50S9t4/prepublishcleanup-24814/home/state/rl28.git-hooks/applypatch-msg: Permission denied
rm: /private/var/folders/tx/1rphyw7154x0k2jc1vcs5gth0000gn/T/fm-control-relaunch.50S9t4/prepublishcleanup-24814/home/state/rl28.git-hooks/prepare-commit-msg: Permission denied
rm: /private/var/folders/tx/1rphyw7154x0k2jc1vcs5gth0000gn/T/fm-control-relaunch.50S9t4/prepublishcleanup-24814/home/state/rl28.git-hooks/post-checkout: Permission denied
rm: /private/var/folders/tx/1rphyw7154x0k2jc1vcs5gth0000gn/T/fm-control-relaunch.50S9t4/prepublishcleanup-24814/home/state/rl28.git-hooks/post-applypatch: Permission denied
rm: /private/var/folders/tx/1rphyw7154x0k2jc1vcs5gth0000gn/T/fm-control-relaunch.50S9t4/prepublishcleanup-24814/home/state/rl28.git-hooks/post-rewrite: Permission denied
rm: /private/var/folders/tx/1rphyw7154x0k2jc1vcs5gth0000gn/T/fm-control-relaunch.50S9t4/prepublishcleanup-24814/home/state/rl28.git-hooks/commit-msg: Permission denied
rm: /private/var/folders/tx/1rphyw7154x0k2jc1vcs5gth0000gn/T/fm-control-relaunch.50S9t4/prepublishcleanup-24814/home/state/rl28.git-hooks/pre-push: Permission denied
rm: /private/var/folders/tx/1rphyw7154x0k2jc1vcs5gth0000gn/T/fm-control-relaunch.50S9t4/prepublishcleanup-24814/home/state/rl28.git-hooks/post-merge: Permission denied
rm: /private/var/folders/tx/1rphyw7154x0k2jc1vcs5gth0000gn/T/fm-control-relaunch.50S9t4/prepublishcleanup-24814/home/state/rl28.git-hooks/pre-commit: Permission denied
rm: /private/var/folders/tx/1rphyw7154x0k2jc1vcs5gth0000gn/T/fm-control-relaunch.50S9t4/prepublishcleanup-24814/home/state/rl28.git-hooks: Directory not empty
rm: /private/var/folders/tx/1rphyw7154x0k2jc1vcs5gth0000gn/T/fm-control-relaunch.50S9t4/prepublishcleanup-24814/home/state: Directory not empty
rm: /private/var/folders/tx/1rphyw7154x0k2jc1vcs5gth0000gn/T/fm-control-relaunch.50S9t4/prepublishcleanup-24814/home: Directory not empty
rm: /private/var/folders/tx/1rphyw7154x0k2jc1vcs5gth0000gn/T/fm-control-relaunch.50S9t4/prepublishcleanup-24814: Directory not empty
rm: /private/var/folders/tx/1rphyw7154x0k2jc1vcs5gth0000gn/T/fm-control-relaunch.50S9t4/dialog-file-relaunch-5825/home/state/rl71.git-hooks/pre-rebase: Permission denied
rm: /private/var/folders/tx/1rphyw7154x0k2jc1vcs5gth0000gn/T/fm-control-relaunch.50S9t4/dialog-file-relaunch-5825/home/state/rl71.git-hooks/pre-applypatch: Permission denied
rm: /private/var/folders/tx/1rphyw7154x0k2jc1vcs5gth0000gn/T/fm-control-relaunch.50S9t4/dialog-file-relaunch-5825/home/state/rl71.git-hooks/pre-auto-gc: Permission denied
rm: /private/var/folders/tx/1rphyw7154x0k2jc1vcs5gth0000gn/T/fm-control-relaunch.50S9t4/dialog-file-relaunch-5825/home/state/rl71.git-hooks/pre-merge-commit: Permission denied
rm: /private/var/folders/tx/1rphyw7154x0k2jc1vcs5gth0000gn/T/fm-control-relaunch.50S9t4/dialog-file-relaunch-5825/home/state/rl71.git-hooks/post-commit: Permission denied
rm: /private/var/folders/tx/1rphyw7154x0k2jc1vcs5gth0000gn/T/fm-control-relaunch.50S9t4/dialog-file-relaunch-5825/home/state/rl71.git-hooks/sendemail-validate: Permission denied
rm: /private/var/folders/tx/1rphyw7154x0k2jc1vcs5gth0000gn/T/fm-control-relaunch.50S9t4/dialog-file-relaunch-5825/home/state/rl71.git-hooks/applypatch-msg: Permission denied
rm: /private/var/folders/tx/1rphyw7154x0k2jc1vcs5gth0000gn/T/fm-control-relaunch.50S9t4/dialog-file-relaunch-5825/home/state/rl71.git-hooks/prepare-commit-msg: Permission denied
rm: /private/var/folders/tx/1rphyw7154x0k2jc1vcs5gth0000gn/T/fm-control-relaunch.50S9t4/dialog-file-relaunch-5825/home/state/rl71.git-hooks/post-checkout: Permission denied
rm: /private/var/folders/tx/1rphyw7154x0k2jc1vcs5gth0000gn/T/fm-control-relaunch.50S9t4/dialog-file-relaunch-5825/home/state/rl71.git-hooks/post-applypatch: Permission denied
rm: /private/var/folders/tx/1rphyw7154x0k2jc1vcs5gth0000gn/T/fm-control-relaunch.50S9t4/dialog-file-relaunch-5825/home/state/rl71.git-hooks/post-rewrite: Permission denied
rm: /private/var/folders/tx/1rphyw7154x0k2jc1vcs5gth0000gn/T/fm-control-relaunch.50S9t4/dialog-file-relaunch-5825/home/state/rl71.git-hooks/commit-msg: Permission denied
rm: /private/var/folders/tx/1rphyw7154x0k2jc1vcs5gth0000gn/T/fm-control-relaunch.50S9t4/dialog-file-relaunch-5825/home/state/rl71.git-hooks/pre-push: Permission denied
rm: /private/var/folders/tx/1rphyw7154x0k2jc1vcs5gth0000gn/T/fm-control-relaunch.50S9t4/dialog-file-relaunch-5825/home/state/rl71.git-hooks/post-merge: Permission denied
rm: /private/var/folders/tx/1rphyw7154x0k2jc1vcs5gth0000gn/T/fm-control-relaunch.50S9t4/dialog-file-relaunch-5825/home/state/rl71.git-hooks/pre-commit: Permission denied
rm: /private/var/folders/tx/1rphyw7154x0k2jc1vcs5gth0000gn/T/fm-control-relaunch.50S9t4/dialog-file-relaunch-5825/home/state/rl71.git-hooks: Directory not empty
rm: /private/var/folders/tx/1rphyw7154x0k2jc1vcs5gth0000gn/T/fm-control-relaunch.50S9t4/dialog-file-relaunch-5825/home/state: Directory not empty
rm: /private/var/folders/tx/1rphyw7154x0k2jc1vcs5gth0000gn/T/fm-control-relaunch.50S9t4/dialog-file-relaunch-5825/home: Directory not empty
rm: /private/var/folders/tx/1rphyw7154x0k2jc1vcs5gth0000gn/T/fm-control-relaunch.50S9t4/dialog-file-relaunch-5825: Directory not empty
rm: /private/var/folders/tx/1rphyw7154x0k2jc1vcs5gth0000gn/T/fm-control-relaunch.50S9t4/resume-pi-9144/home/state/resume-pi.git-hooks/pre-rebase: Permission denied
rm: /private/var/folders/tx/1rphyw7154x0k2jc1vcs5gth0000gn/T/fm-control-relaunch.50S9t4/resume-pi-9144/home/state/resume-pi.git-hooks/pre-applypatch: Permission denied
rm: /private/var/folders/tx/1rphyw7154x0k2jc1vcs5gth0000gn/T/fm-control-relaunch.50S9t4/resume-pi-9144/home/state/resume-pi.git-hooks/pre-auto-gc: Permission denied
rm: /private/var/folders/tx/1rphyw7154x0k2jc1vcs5gth0000gn/T/fm-control-relaunch.50S9t4/resume-pi-9144/home/state/resume-pi.git-hooks/pre-merge-commit: Permission denied
rm: /private/var/folders/tx/1rphyw7154x0k2jc1vcs5gth0000gn/T/fm-control-relaunch.50S9t4/resume-pi-9144/home/state/resume-pi.git-hooks/post-commit: Permission denied
rm: /private/var/folders/tx/1rphyw7154x0k2jc1vcs5gth0000gn/T/fm-control-relaunch.50S9t4/resume-pi-9144/home/state/resume-pi.git-hooks/sendemail-validate: Permission denied
rm: /private/var/folders/tx/1rphyw7154x0k2jc1vcs5gth0000gn/T/fm-control-relaunch.50S9t4/resume-pi-9144/home/state/resume-pi.git-hooks/applypatch-msg: Permission denied
rm: /private/var/folders/tx/1rphyw7154x0k2jc1vcs5gth0000gn/T/fm-control-relaunch.50S9t4/resume-pi-9144/home/state/resume-pi.git-hooks/prepare-commit-msg: Permission denied
rm: /private/var/folders/tx/1rphyw7154x0k2jc1vcs5gth0000gn/T/fm-control-relaunch.50S9t4/resume-pi-9144/home/state/resume-pi.git-hooks/post-checkout: Permission denied
rm: /private/var/folders/tx/1rphyw7154x0k2jc1vcs5gth0000gn/T/fm-control-relaunch.50S9t4/resume-pi-9144/home/state/resume-pi.git-hooks/post-applypatch: Permission denied
rm: /private/var/folders/tx/1rphyw7154x0k2jc1vcs5gth0000gn/T/fm-control-relaunch.50S9t4/resume-pi-9144/home/state/resume-pi.git-hooks/post-rewrite: Permission denied
rm: /private/var/folders/tx/1rphyw7154x0k2jc1vcs5gth0000gn/T/fm-control-relaunch.50S9t4/resume-pi-9144/home/state/resume-pi.git-hooks/commit-msg: Permission denied
rm: /private/var/folders/tx/1rphyw7154x0k2jc1vcs5gth0000gn/T/fm-control-relaunch.50S9t4/resume-pi-9144/home/state/resume-pi.git-hooks/pre-push: Permission denied
rm: /private/var/folders/tx/1rphyw7154x0k2jc1vcs5gth0000gn/T/fm-control-relaunch.50S9t4/resume-pi-9144/home/state/resume-pi.git-hooks/post-merge: Permission denied
rm: /private/var/folders/tx/1rphyw7154x0k2jc1vcs5gth0000gn/T/fm-control-relaunch.50S9t4/resume-pi-9144/home/state/resume-pi.git-hooks/pre-commit: Permission denied
rm: /private/var/folders/tx/1rphyw7154x0k2jc1vcs5gth0000gn/T/fm-control-relaunch.50S9t4/resume-pi-9144/home/state/resume-pi.git-hooks: Directory not empty
rm: /private/var/folders/tx/1rphyw7154x0k2jc1vcs5gth0000gn/T/fm-control-relaunch.50S9t4/resume-pi-9144/home/state: Directory not empty
rm: /private/var/folders/tx/1rphyw7154x0k2jc1vcs5gth0000gn/T/fm-control-relaunch.50S9t4/resume-pi-9144/home: Directory not empty
rm: /private/var/folders/tx/1rphyw7154x0k2jc1vcs5gth0000gn/T/fm-control-relaunch.50S9t4/resume-pi-9144: Directory not empty
rm: /private/var/folders/tx/1rphyw7154x0k2jc1vcs5gth0000gn/T/fm-control-relaunch.50S9t4/invalid-effort-28753/home/state/sm6.git-hooks/pre-rebase: Permission denied
rm: /private/var/folders/tx/1rphyw7154x0k2jc1vcs5gth0000gn/T/fm-control-relaunch.50S9t4/invalid-effort-28753/home/state/sm6.git-hooks/pre-applypatch: Permission denied
rm: /private/var/folders/tx/1rphyw7154x0k2jc1vcs5gth0000gn/T/fm-control-relaunch.50S9t4/invalid-effort-28753/home/state/sm6.git-hooks/pre-auto-gc: Permission denied
rm: /private/var/folders/tx/1rphyw7154x0k2jc1vcs5gth0000gn/T/fm-control-relaunch.50S9t4/invalid-effort-28753/home/state/sm6.git-hooks/pre-merge-commit: Permission denied
rm: /private/var/folders/tx/1rphyw7154x0k2jc1vcs5gth0000gn/T/fm-control-relaunch.50S9t4/invalid-effort-28753/home/state/sm6.git-hooks/post-commit: Permission denied
rm: /private/var/folders/tx/1rphyw7154x0k2jc1vcs5gth0000gn/T/fm-control-relaunch.50S9t4/invalid-effort-28753/home/state/sm6.git-hooks/sendemail-validate: Permission denied
rm: /private/var/folders/tx/1rphyw7154x0k2jc1vcs5gth0000gn/T/fm-control-relaunch.50S9t4/invalid-effort-28753/home/state/sm6.git-hooks/applypatch-msg: Permission denied
rm: /private/var/folders/tx/1rphyw7154x0k2jc1vcs5gth0000gn/T/fm-control-relaunch.50S9t4/invalid-effort-28753/home/state/sm6.git-hooks/prepare-commit-msg: Permission denied
rm: /private/var/folders/tx/1rphyw7154x0k2jc1vcs5gth0000gn/T/fm-control-relaunch.50S9t4/invalid-effort-28753/home/state/sm6.git-hooks/post-checkout: Permission denied
rm: /private/var/folders/tx/1rphyw7154x0k2jc1vcs5gth0000gn/T/fm-control-relaunch.50S9t4/invalid-effort-28753/home/state/sm6.git-hooks/post-applypatch: Permission denied
rm: /private/var/folders/tx/1rphyw7154x0k2jc1vcs5gth0000gn/T/fm-control-relaunch.50S9t4/invalid-effort-28753/home/state/sm6.git-hooks/post-rewrite: Permission denied
rm: /private/var/folders/tx/1rphyw7154x0k2jc1vcs5gth0000gn/T/fm-control-relaunch.50S9t4/invalid-effort-28753/home/state/sm6.git-hooks/commit-msg: Permission denied
rm: /private/var/folders/tx/1rphyw7154x0k2jc1vcs5gth0000gn/T/fm-control-relaunch.50S9t4/invalid-effort-28753/home/state/sm6.git-hooks/pre-push: Permission denied
rm: /private/var/folders/tx/1rphyw7154x0k2jc1vcs5gth0000gn/T/fm-control-relaunch.50S9t4/invalid-effort-28753/home/state/sm6.git-hooks/post-merge: Permission denied
rm: /private/var/folders/tx/1rphyw7154x0k2jc1vcs5gth0000gn/T/fm-control-relaunch.50S9t4/invalid-effort-28753/home/state/sm6.git-hooks/pre-commit: Permission denied
rm: /private/var/folders/tx/1rphyw7154x0k2jc1vcs5gth0000gn/T/fm-control-relaunch.50S9t4/invalid-effort-28753/home/state/sm6.git-hooks: Directory not empty
rm: /private/var/folders/tx/1rphyw7154x0k2jc1vcs5gth0000gn/T/fm-control-relaunch.50S9t4/invalid-effort-28753/home/state: Directory not empty
rm: /private/var/folders/tx/1rphyw7154x0k2jc1vcs5gth0000gn/T/fm-control-relaunch.50S9t4/invalid-effort-28753/home: Directory not empty
rm: /private/var/folders/tx/1rphyw7154x0k2jc1vcs5gth0000gn/T/fm-control-relaunch.50S9t4/invalid-effort-28753: Directory not empty
rm: /private/var/folders/tx/1rphyw7154x0k2jc1vcs5gth0000gn/T/fm-control-relaunch.50S9t4/musewiring-17742/home/state/rl31.git-hooks/pre-rebase: Permission denied
rm: /private/var/folders/tx/1rphyw7154x0k2jc1vcs5gth0000gn/T/fm-control-relaunch.50S9t4/musewiring-17742/home/state/rl31.git-hooks/pre-applypatch: Permission denied
rm: /private/var/folders/tx/1rphyw7154x0k2jc1vcs5gth0000gn/T/fm-control-relaunch.50S9t4/musewiring-17742/home/state/rl31.git-hooks/pre-auto-gc: Permission denied
rm: /private/var/folders/tx/1rphyw7154x0k2jc1vcs5gth0000gn/T/fm-control-relaunch.50S9t4/musewiring-17742/home/state/rl31.git-hooks/pre-merge-commit: Permission denied
rm: /private/var/folders/tx/1rphyw7154x0k2jc1vcs5gth0000gn/T/fm-control-relaunch.50S9t4/musewiring-17742/home/state/rl31.git-hooks/post-commit: Permission denied
rm: /private/var/folders/tx/1rphyw7154x0k2jc1vcs5gth0000gn/T/fm-control-relaunch.50S9t4/musewiring-17742/home/state/rl31.git-hooks/sendemail-validate: Permission denied
rm: /private/var/folders/tx/1rphyw7154x0k2jc1vcs5gth0000gn/T/fm-control-relaunch.50S9t4/musewiring-17742/home/state/rl31.git-hooks/applypatch-msg: Permission denied
rm: /private/var/folders/tx/1rphyw7154x0k2jc1vcs5gth0000gn/T/fm-control-relaunch.50S9t4/musewiring-17742/home/state/rl31.git-hooks/prepare-commit-msg: Permission denied
rm: /private/var/folders/tx/1rphyw7154x0k2jc1vcs5gth0000gn/T/fm-control-relaunch.50S9t4/musewiring-17742/home/state/rl31.git-hooks/post-checkout: Permission denied
rm: /private/var/folders/tx/1rphyw7154x0k2jc1vcs5gth0000gn/T/fm-control-relaunch.50S9t4/musewiring-17742/home/state/rl31.git-hooks/post-applypatch: Permission denied
rm: /private/var/folders/tx/1rphyw7154x0k2jc1vcs5gth0000gn/T/fm-control-relaunch.50S9t4/musewiring-17742/home/state/rl31.git-hooks/post-rewrite: Permission denied
rm: /private/var/folders/tx/1rphyw7154x0k2jc1vcs5gth0000gn/T/fm-control-relaunch.50S9t4/musewiring-17742/home/state/rl31.git-hooks/commit-msg: Permission denied
rm: /private/var/folders/tx/1rphyw7154x0k2jc1vcs5gth0000gn/T/fm-control-relaunch.50S9t4/musewiring-17742/home/state/rl31.git-hooks/pre-push: Permission denied
rm: /private/var/folders/tx/1rphyw7154x0k2jc1vcs5gth0000gn/T/fm-control-relaunch.50S9t4/musewiring-17742/home/state/rl31.git-hooks/post-merge: Permission denied
rm: /private/var/folders/tx/1rphyw7154x0k2jc1vcs5gth0000gn/T/fm-control-relaunch.50S9t4/musewiring-17742/home/state/rl31.git-hooks/pre-commit: Permission denied
rm: /private/var/folders/tx/1rphyw7154x0k2jc1vcs5gth0000gn/T/fm-control-relaunch.50S9t4/musewiring-17742/home/state/rl31.git-hooks: Directory not empty
rm: /private/var/folders/tx/1rphyw7154x0k2jc1vcs5gth0000gn/T/fm-control-relaunch.50S9t4/musewiring-17742/home/state: Directory not empty
rm: /private/var/folders/tx/1rphyw7154x0k2jc1vcs5gth0000gn/T/fm-control-relaunch.50S9t4/musewiring-17742/home: Directory not empty
rm: /private/var/folders/tx/1rphyw7154x0k2jc1vcs5gth0000gn/T/fm-control-relaunch.50S9t4/musewiring-17742: Directory not empty
rm: /private/var/folders/tx/1rphyw7154x0k2jc1vcs5gth0000gn/T/fm-control-relaunch.50S9t4/published-21067/home/state/rl24.git-hooks/pre-rebase: Permission denied
rm: /private/var/folders/tx/1rphyw7154x0k2jc1vcs5gth0000gn/T/fm-control-relaunch.50S9t4/published-21067/home/state/rl24.git-hooks/pre-applypatch: Permission denied
rm: /private/var/folders/tx/1rphyw7154x0k2jc1vcs5gth0000gn/T/fm-control-relaunch.50S9t4/published-21067/home/state/rl24.git-hooks/pre-auto-gc: Permission denied
rm: /private/var/folders/tx/1rphyw7154x0k2jc1vcs5gth0000gn/T/fm-control-relaunch.50S9t4/published-21067/home/state/rl24.git-hooks/pre-merge-commit: Permission denied
rm: /private/var/folders/tx/1rphyw7154x0k2jc1vcs5gth0000gn/T/fm-control-relaunch.50S9t4/published-21067/home/state/rl24.git-hooks/post-commit: Permission denied
rm: /private/var/folders/tx/1rphyw7154x0k2jc1vcs5gth0000gn/T/fm-control-relaunch.50S9t4/published-21067/home/state/rl24.git-hooks/sendemail-validate: Permission denied
rm: /private/var/folders/tx/1rphyw7154x0k2jc1vcs5gth0000gn/T/fm-control-relaunch.50S9t4/published-21067/home/state/rl24.git-hooks/applypatch-msg: Permission denied
rm: /private/var/folders/tx/1rphyw7154x0k2jc1vcs5gth0000gn/T/fm-control-relaunch.50S9t4/published-21067/home/state/rl24.git-hooks/prepare-commit-msg: Permission denied
rm: /private/var/folders/tx/1rphyw7154x0k2jc1vcs5gth0000gn/T/fm-control-relaunch.50S9t4/published-21067/home/state/rl24.git-hooks/post-checkout: Permission denied
rm: /private/var/folders/tx/1rphyw7154x0k2jc1vcs5gth0000gn/T/fm-control-relaunch.50S9t4/published-21067/home/state/rl24.git-hooks/post-applypatch: Permission denied
rm: /private/var/folders/tx/1rphyw7154x0k2jc1vcs5gth0000gn/T/fm-control-relaunch.50S9t4/published-21067/home/state/rl24.git-hooks/post-rewrite: Permission denied
rm: /private/var/folders/tx/1rphyw7154x0k2jc1vcs5gth0000gn/T/fm-control-relaunch.50S9t4/published-21067/home/state/rl24.git-hooks/commit-msg: Permission denied
rm: /private/var/folders/tx/1rphyw7154x0k2jc1vcs5gth0000gn/T/fm-control-relaunch.50S9t4/published-21067/home/state/rl24.git-hooks/pre-push: Permission denied
rm: /private/var/folders/tx/1rphyw7154x0k2jc1vcs5gth0000gn/T/fm-control-relaunch.50S9t4/published-21067/home/state/rl24.git-hooks/post-merge: Permission denied
rm: /private/var/folders/tx/1rphyw7154x0k2jc1vcs5gth0000gn/T/fm-control-relaunch.50S9t4/published-21067/home/state/rl24.git-hooks/pre-commit: Permission denied
rm: /private/var/folders/tx/1rphyw7154x0k2jc1vcs5gth0000gn/T/fm-control-relaunch.50S9t4/published-21067/home/state/rl24.git-hooks: Directory not empty
rm: /private/var/folders/tx/1rphyw7154x0k2jc1vcs5gth0000gn/T/fm-control-relaunch.50S9t4/published-21067/home/state: Directory not empty
rm: /private/var/folders/tx/1rphyw7154x0k2jc1vcs5gth0000gn/T/fm-control-relaunch.50S9t4/published-21067/home: Directory not empty
rm: /private/var/folders/tx/1rphyw7154x0k2jc1vcs5gth0000gn/T/fm-control-relaunch.50S9t4/published-21067: Directory not empty
rm: /private/var/folders/tx/1rphyw7154x0k2jc1vcs5gth0000gn/T/fm-control-relaunch.50S9t4/prefixwiring-6275/home/state/rl30.git-hooks/pre-rebase: Permission denied
rm: /private/var/folders/tx/1rphyw7154x0k2jc1vcs5gth0000gn/T/fm-control-relaunch.50S9t4/prefixwiring-6275/home/state/rl30.git-hooks/pre-applypatch: Permission denied
rm: /private/var/folders/tx/1rphyw7154x0k2jc1vcs5gth0000gn/T/fm-control-relaunch.50S9t4/prefixwiring-6275/home/state/rl30.git-hooks/pre-auto-gc: Permission denied
rm: /private/var/folders/tx/1rphyw7154x0k2jc1vcs5gth0000gn/T/fm-control-relaunch.50S9t4/prefixwiring-6275/home/state/rl30.git-hooks/pre-merge-commit: Permission denied
rm: /private/var/folders/tx/1rphyw7154x0k2jc1vcs5gth0000gn/T/fm-control-relaunch.50S9t4/prefixwiring-6275/home/state/rl30.git-hooks/post-commit: Permission denied
rm: /private/var/folders/tx/1rphyw7154x0k2jc1vcs5gth0000gn/T/fm-control-relaunch.50S9t4/prefixwiring-6275/home/state/rl30.git-hooks/sendemail-validate: Permission denied
rm: /private/var/folders/tx/1rphyw7154x0k2jc1vcs5gth0000gn/T/fm-control-relaunch.50S9t4/prefixwiring-6275/home/state/rl30.git-hooks/applypatch-msg: Permission denied
rm: /private/var/folders/tx/1rphyw7154x0k2jc1vcs5gth0000gn/T/fm-control-relaunch.50S9t4/prefixwiring-6275/home/state/rl30.git-hooks/prepare-commit-msg: Permission denied
rm: /private/var/folders/tx/1rphyw7154x0k2jc1vcs5gth0000gn/T/fm-control-relaunch.50S9t4/prefixwiring-6275/home/state/rl30.git-hooks/post-checkout: Permission denied
rm: /private/var/folders/tx/1rphyw7154x0k2jc1vcs5gth0000gn/T/fm-control-relaunch.50S9t4/prefixwiring-6275/home/state/rl30.git-hooks/post-applypatch: Permission denied
rm: /private/var/folders/tx/1rphyw7154x0k2jc1vcs5gth0000gn/T/fm-control-relaunch.50S9t4/prefixwiring-6275/home/state/rl30.git-hooks/post-rewrite: Permission denied
rm: /private/var/folders/tx/1rphyw7154x0k2jc1vcs5gth0000gn/T/fm-control-relaunch.50S9t4/prefixwiring-6275/home/state/rl30.git-hooks/commit-msg: Permission denied
rm: /private/var/folders/tx/1rphyw7154x0k2jc1vcs5gth0000gn/T/fm-control-relaunch.50S9t4/prefixwiring-6275/home/state/rl30.git-hooks/pre-push: Permission denied
rm: /private/var/folders/tx/1rphyw7154x0k2jc1vcs5gth0000gn/T/fm-control-relaunch.50S9t4/prefixwiring-6275/home/state/rl30.git-hooks/post-merge: Permission denied
rm: /private/var/folders/tx/1rphyw7154x0k2jc1vcs5gth0000gn/T/fm-control-relaunch.50S9t4/prefixwiring-6275/home/state/rl30.git-hooks/pre-commit: Permission denied
rm: /private/var/folders/tx/1rphyw7154x0k2jc1vcs5gth0000gn/T/fm-control-relaunch.50S9t4/prefixwiring-6275/home/state/rl30.git-hooks: Directory not empty
rm: /private/var/folders/tx/1rphyw7154x0k2jc1vcs5gth0000gn/T/fm-control-relaunch.50S9t4/prefixwiring-6275/home/state: Directory not empty
rm: /private/var/folders/tx/1rphyw7154x0k2jc1vcs5gth0000gn/T/fm-control-relaunch.50S9t4/prefixwiring-6275/home: Directory not empty
rm: /private/var/folders/tx/1rphyw7154x0k2jc1vcs5gth0000gn/T/fm-control-relaunch.50S9t4/prefixwiring-6275: Directory not empty
rm: /private/var/folders/tx/1rphyw7154x0k2jc1vcs5gth0000gn/T/fm-control-relaunch.50S9t4/explicit-6839/home/state/rl7.git-hooks/pre-rebase: Permission denied
rm: /private/var/folders/tx/1rphyw7154x0k2jc1vcs5gth0000gn/T/fm-control-relaunch.50S9t4/explicit-6839/home/state/rl7.git-hooks/pre-applypatch: Permission denied
rm: /private/var/folders/tx/1rphyw7154x0k2jc1vcs5gth0000gn/T/fm-control-relaunch.50S9t4/explicit-6839/home/state/rl7.git-hooks/pre-auto-gc: Permission denied
rm: /private/var/folders/tx/1rphyw7154x0k2jc1vcs5gth0000gn/T/fm-control-relaunch.50S9t4/explicit-6839/home/state/rl7.git-hooks/pre-merge-commit: Permission denied
rm: /private/var/folders/tx/1rphyw7154x0k2jc1vcs5gth0000gn/T/fm-control-relaunch.50S9t4/explicit-6839/home/state/rl7.git-hooks/post-commit: Permission denied
rm: /private/var/folders/tx/1rphyw7154x0k2jc1vcs5gth0000gn/T/fm-control-relaunch.50S9t4/explicit-6839/home/state/rl7.git-hooks/sendemail-validate: Permission denied
rm: /private/var/folders/tx/1rphyw7154x0k2jc1vcs5gth0000gn/T/fm-control-relaunch.50S9t4/explicit-6839/home/state/rl7.git-hooks/applypatch-msg: Permission denied
rm: /private/var/folders/tx/1rphyw7154x0k2jc1vcs5gth0000gn/T/fm-control-relaunch.50S9t4/explicit-6839/home/state/rl7.git-hooks/prepare-commit-msg: Permission denied
rm: /private/var/folders/tx/1rphyw7154x0k2jc1vcs5gth0000gn/T/fm-control-relaunch.50S9t4/explicit-6839/home/state/rl7.git-hooks/post-checkout: Permission denied
rm: /private/var/folders/tx/1rphyw7154x0k2jc1vcs5gth0000gn/T/fm-control-relaunch.50S9t4/explicit-6839/home/state/rl7.git-hooks/post-applypatch: Permission denied
rm: /private/var/folders/tx/1rphyw7154x0k2jc1vcs5gth0000gn/T/fm-control-relaunch.50S9t4/explicit-6839/home/state/rl7.git-hooks/post-rewrite: Permission denied
rm: /private/var/folders/tx/1rphyw7154x0k2jc1vcs5gth0000gn/T/fm-control-relaunch.50S9t4/explicit-6839/home/state/rl7.git-hooks/commit-msg: Permission denied
rm: /private/var/folders/tx/1rphyw7154x0k2jc1vcs5gth0000gn/T/fm-control-relaunch.50S9t4/explicit-6839/home/state/rl7.git-hooks/pre-push: Permission denied
rm: /private/var/folders/tx/1rphyw7154x0k2jc1vcs5gth0000gn/T/fm-control-relaunch.50S9t4/explicit-6839/home/state/rl7.git-hooks/post-merge: Permission denied
rm: /private/var/folders/tx/1rphyw7154x0k2jc1vcs5gth0000gn/T/fm-control-relaunch.50S9t4/explicit-6839/home/state/rl7.git-hooks/pre-commit: Permission denied
rm: /private/var/folders/tx/1rphyw7154x0k2jc1vcs5gth0000gn/T/fm-control-relaunch.50S9t4/explicit-6839/home/state/rl7.git-hooks: Directory not empty
rm: /private/var/folders/tx/1rphyw7154x0k2jc1vcs5gth0000gn/T/fm-control-relaunch.50S9t4/explicit-6839/home/state: Directory not empty
rm: /private/var/folders/tx/1rphyw7154x0k2jc1vcs5gth0000gn/T/fm-control-relaunch.50S9t4/explicit-6839/home: Directory not empty
rm: /private/var/folders/tx/1rphyw7154x0k2jc1vcs5gth0000gn/T/fm-control-relaunch.50S9t4/explicit-6839: Directory not empty
rm: /private/var/folders/tx/1rphyw7154x0k2jc1vcs5gth0000gn/T/fm-control-relaunch.50S9t4/grokauth-21138/home/state/rl9.git-hooks/pre-rebase: Permission denied
rm: /private/var/folders/tx/1rphyw7154x0k2jc1vcs5gth0000gn/T/fm-control-relaunch.50S9t4/grokauth-21138/home/state/rl9.git-hooks/pre-applypatch: Permission denied
rm: /private/var/folders/tx/1rphyw7154x0k2jc1vcs5gth0000gn/T/fm-control-relaunch.50S9t4/grokauth-21138/home/state/rl9.git-hooks/pre-auto-gc: Permission denied
rm: /private/var/folders/tx/1rphyw7154x0k2jc1vcs5gth0000gn/T/fm-control-relaunch.50S9t4/grokauth-21138/home/state/rl9.git-hooks/pre-merge-commit: Permission denied
rm: /private/var/folders/tx/1rphyw7154x0k2jc1vcs5gth0000gn/T/fm-control-relaunch.50S9t4/grokauth-21138/home/state/rl9.git-hooks/post-commit: Permission denied
rm: /private/var/folders/tx/1rphyw7154x0k2jc1vcs5gth0000gn/T/fm-control-relaunch.50S9t4/grokauth-21138/home/state/rl9.git-hooks/sendemail-validate: Permission denied
rm: /private/var/folders/tx/1rphyw7154x0k2jc1vcs5gth0000gn/T/fm-control-relaunch.50S9t4/grokauth-21138/home/state/rl9.git-hooks/applypatch-msg: Permission denied
rm: /private/var/folders/tx/1rphyw7154x0k2jc1vcs5gth0000gn/T/fm-control-relaunch.50S9t4/grokauth-21138/home/state/rl9.git-hooks/prepare-commit-msg: Permission denied
rm: /private/var/folders/tx/1rphyw7154x0k2jc1vcs5gth0000gn/T/fm-control-relaunch.50S9t4/grokauth-21138/home/state/rl9.git-hooks/post-checkout: Permission denied
rm: /private/var/folders/tx/1rphyw7154x0k2jc1vcs5gth0000gn/T/fm-control-relaunch.50S9t4/grokauth-21138/home/state/rl9.git-hooks/post-applypatch: Permission denied
rm: /private/var/folders/tx/1rphyw7154x0k2jc1vcs5gth0000gn/T/fm-control-relaunch.50S9t4/grokauth-21138/home/state/rl9.git-hooks/post-rewrite: Permission denied
rm: /private/var/folders/tx/1rphyw7154x0k2jc1vcs5gth0000gn/T/fm-control-relaunch.50S9t4/grokauth-21138/home/state/rl9.git-hooks/commit-msg: Permission denied
rm: /private/var/folders/tx/1rphyw7154x0k2jc1vcs5gth0000gn/T/fm-control-relaunch.50S9t4/grokauth-21138/home/state/rl9.git-hooks/pre-push: Permission denied
rm: /private/var/folders/tx/1rphyw7154x0k2jc1vcs5gth0000gn/T/fm-control-relaunch.50S9t4/grokauth-21138/home/state/rl9.git-hooks/post-merge: Permission denied
rm: /private/var/folders/tx/1rphyw7154x0k2jc1vcs5gth0000gn/T/fm-control-relaunch.50S9t4/grokauth-21138/home/state/rl9.git-hooks/pre-commit: Permission denied
rm: /private/var/folders/tx/1rphyw7154x0k2jc1vcs5gth0000gn/T/fm-control-relaunch.50S9t4/grokauth-21138/home/state/rl9.git-hooks: Directory not empty
rm: /private/var/folders/tx/1rphyw7154x0k2jc1vcs5gth0000gn/T/fm-control-relaunch.50S9t4/grokauth-21138/home/state: Directory not empty
rm: /private/var/folders/tx/1rphyw7154x0k2jc1vcs5gth0000gn/T/fm-control-relaunch.50S9t4/grokauth-21138/home: Directory not empty
rm: /private/var/folders/tx/1rphyw7154x0k2jc1vcs5gth0000gn/T/fm-control-relaunch.50S9t4/grokauth-21138: Directory not empty
rm: /private/var/folders/tx/1rphyw7154x0k2jc1vcs5gth0000gn/T/fm-control-relaunch.50S9t4/metadata-race-19900/home/state/rl28.git-hooks/pre-rebase: Permission denied
rm: /private/var/folders/tx/1rphyw7154x0k2jc1vcs5gth0000gn/T/fm-control-relaunch.50S9t4/metadata-race-19900/home/state/rl28.git-hooks/pre-applypatch: Permission denied
rm: /private/var/folders/tx/1rphyw7154x0k2jc1vcs5gth0000gn/T/fm-control-relaunch.50S9t4/metadata-race-19900/home/state/rl28.git-hooks/pre-auto-gc: Permission denied
rm: /private/var/folders/tx/1rphyw7154x0k2jc1vcs5gth0000gn/T/fm-control-relaunch.50S9t4/metadata-race-19900/home/state/rl28.git-hooks/pre-merge-commit: Permission denied
rm: /private/var/folders/tx/1rphyw7154x0k2jc1vcs5gth0000gn/T/fm-control-relaunch.50S9t4/metadata-race-19900/home/state/rl28.git-hooks/post-commit: Permission denied
rm: /private/var/folders/tx/1rphyw7154x0k2jc1vcs5gth0000gn/T/fm-control-relaunch.50S9t4/metadata-race-19900/home/state/rl28.git-hooks/sendemail-validate: Permission denied
rm: /private/var/folders/tx/1rphyw7154x0k2jc1vcs5gth0000gn/T/fm-control-relaunch.50S9t4/metadata-race-19900/home/state/rl28.git-hooks/applypatch-msg: Permission denied
rm: /private/var/folders/tx/1rphyw7154x0k2jc1vcs5gth0000gn/T/fm-control-relaunch.50S9t4/metadata-race-19900/home/state/rl28.git-hooks/prepare-commit-msg: Permission denied
rm: /private/var/folders/tx/1rphyw7154x0k2jc1vcs5gth0000gn/T/fm-control-relaunch.50S9t4/metadata-race-19900/home/state/rl28.git-hooks/post-checkout: Permission denied
rm: /private/var/folders/tx/1rphyw7154x0k2jc1vcs5gth0000gn/T/fm-control-relaunch.50S9t4/metadata-race-19900/home/state/rl28.git-hooks/post-applypatch: Permission denied
rm: /private/var/folders/tx/1rphyw7154x0k2jc1vcs5gth0000gn/T/fm-control-relaunch.50S9t4/metadata-race-19900/home/state/rl28.git-hooks/post-rewrite: Permission denied
rm: /private/var/folders/tx/1rphyw7154x0k2jc1vcs5gth0000gn/T/fm-control-relaunch.50S9t4/metadata-race-19900/home/state/rl28.git-hooks/commit-msg: Permission denied
rm: /private/var/folders/tx/1rphyw7154x0k2jc1vcs5gth0000gn/T/fm-control-relaunch.50S9t4/metadata-race-19900/home/state/rl28.git-hooks/pre-push: Permission denied
rm: /private/var/folders/tx/1rphyw7154x0k2jc1vcs5gth0000gn/T/fm-control-relaunch.50S9t4/metadata-race-19900/home/state/rl28.git-hooks/post-merge: Permission denied
rm: /private/var/folders/tx/1rphyw7154x0k2jc1vcs5gth0000gn/T/fm-control-relaunch.50S9t4/metadata-race-19900/home/state/rl28.git-hooks/pre-commit: Permission denied
rm: /private/var/folders/tx/1rphyw7154x0k2jc1vcs5gth0000gn/T/fm-control-relaunch.50S9t4/metadata-race-19900/home/state/rl28.git-hooks: Directory not empty
rm: /private/var/folders/tx/1rphyw7154x0k2jc1vcs5gth0000gn/T/fm-control-relaunch.50S9t4/metadata-race-19900/home/state: Directory not empty
rm: /private/var/folders/tx/1rphyw7154x0k2jc1vcs5gth0000gn/T/fm-control-relaunch.50S9t4/metadata-race-19900/home: Directory not empty
rm: /private/var/folders/tx/1rphyw7154x0k2jc1vcs5gth0000gn/T/fm-control-relaunch.50S9t4/metadata-race-19900: Directory not empty
rm: /private/var/folders/tx/1rphyw7154x0k2jc1vcs5gth0000gn/T/fm-control-relaunch.50S9t4/keepprofile-6466/home/state/rl6.git-hooks/pre-rebase: Permission denied
rm: /private/var/folders/tx/1rphyw7154x0k2jc1vcs5gth0000gn/T/fm-control-relaunch.50S9t4/keepprofile-6466/home/state/rl6.git-hooks/pre-applypatch: Permission denied
rm: /private/var/folders/tx/1rphyw7154x0k2jc1vcs5gth0000gn/T/fm-control-relaunch.50S9t4/keepprofile-6466/home/state/rl6.git-hooks/pre-auto-gc: Permission denied
rm: /private/var/folders/tx/1rphyw7154x0k2jc1vcs5gth0000gn/T/fm-control-relaunch.50S9t4/keepprofile-6466/home/state/rl6.git-hooks/pre-merge-commit: Permission denied
rm: /private/var/folders/tx/1rphyw7154x0k2jc1vcs5gth0000gn/T/fm-control-relaunch.50S9t4/keepprofile-6466/home/state/rl6.git-hooks/post-commit: Permission denied
rm: /private/var/folders/tx/1rphyw7154x0k2jc1vcs5gth0000gn/T/fm-control-relaunch.50S9t4/keepprofile-6466/home/state/rl6.git-hooks/sendemail-validate: Permission denied
rm: /private/var/folders/tx/1rphyw7154x0k2jc1vcs5gth0000gn/T/fm-control-relaunch.50S9t4/keepprofile-6466/home/state/rl6.git-hooks/applypatch-msg: Permission denied
rm: /private/var/folders/tx/1rphyw7154x0k2jc1vcs5gth0000gn/T/fm-control-relaunch.50S9t4/keepprofile-6466/home/state/rl6.git-hooks/prepare-commit-msg: Permission denied
rm: /private/var/folders/tx/1rphyw7154x0k2jc1vcs5gth0000gn/T/fm-control-relaunch.50S9t4/keepprofile-6466/home/state/rl6.git-hooks/post-checkout: Permission denied
rm: /private/var/folders/tx/1rphyw7154x0k2jc1vcs5gth0000gn/T/fm-control-relaunch.50S9t4/keepprofile-6466/home/state/rl6.git-hooks/post-applypatch: Permission denied
rm: /private/var/folders/tx/1rphyw7154x0k2jc1vcs5gth0000gn/T/fm-control-relaunch.50S9t4/keepprofile-6466/home/state/rl6.git-hooks/post-rewrite: Permission denied
rm: /private/var/folders/tx/1rphyw7154x0k2jc1vcs5gth0000gn/T/fm-control-relaunch.50S9t4/keepprofile-6466/home/state/rl6.git-hooks/commit-msg: Permission denied
rm: /private/var/folders/tx/1rphyw7154x0k2jc1vcs5gth0000gn/T/fm-control-relaunch.50S9t4/keepprofile-6466/home/state/rl6.git-hooks/pre-push: Permission denied
rm: /private/var/folders/tx/1rphyw7154x0k2jc1vcs5gth0000gn/T/fm-control-relaunch.50S9t4/keepprofile-6466/home/state/rl6.git-hooks/post-merge: Permission denied
rm: /private/var/folders/tx/1rphyw7154x0k2jc1vcs5gth0000gn/T/fm-control-relaunch.50S9t4/keepprofile-6466/home/state/rl6.git-hooks/pre-commit: Permission denied
rm: /private/var/folders/tx/1rphyw7154x0k2jc1vcs5gth0000gn/T/fm-control-relaunch.50S9t4/keepprofile-6466/home/state/rl6.git-hooks: Directory not empty
rm: /private/var/folders/tx/1rphyw7154x0k2jc1vcs5gth0000gn/T/fm-control-relaunch.50S9t4/keepprofile-6466/home/state: Directory not empty
rm: /private/var/folders/tx/1rphyw7154x0k2jc1vcs5gth0000gn/T/fm-control-relaunch.50S9t4/keepprofile-6466/home: Directory not empty
rm: /private/var/folders/tx/1rphyw7154x0k2jc1vcs5gth0000gn/T/fm-control-relaunch.50S9t4/keepprofile-6466: Directory not empty
rm: /private/var/folders/tx/1rphyw7154x0k2jc1vcs5gth0000gn/T/fm-control-relaunch.50S9t4/note-2043/home/state/rl2.git-hooks/pre-rebase: Permission denied
rm: /private/var/folders/tx/1rphyw7154x0k2jc1vcs5gth0000gn/T/fm-control-relaunch.50S9t4/note-2043/home/state/rl2.git-hooks/pre-applypatch: Permission denied
rm: /private/var/folders/tx/1rphyw7154x0k2jc1vcs5gth0000gn/T/fm-control-relaunch.50S9t4/note-2043/home/state/rl2.git-hooks/pre-auto-gc: Permission denied
rm: /private/var/folders/tx/1rphyw7154x0k2jc1vcs5gth0000gn/T/fm-control-relaunch.50S9t4/note-2043/home/state/rl2.git-hooks/pre-merge-commit: Permission denied
rm: /private/var/folders/tx/1rphyw7154x0k2jc1vcs5gth0000gn/T/fm-control-relaunch.50S9t4/note-2043/home/state/rl2.git-hooks/post-commit: Permission denied
rm: /private/var/folders/tx/1rphyw7154x0k2jc1vcs5gth0000gn/T/fm-control-relaunch.50S9t4/note-2043/home/state/rl2.git-hooks/sendemail-validate: Permission denied
rm: /private/var/folders/tx/1rphyw7154x0k2jc1vcs5gth0000gn/T/fm-control-relaunch.50S9t4/note-2043/home/state/rl2.git-hooks/applypatch-msg: Permission denied
rm: /private/var/folders/tx/1rphyw7154x0k2jc1vcs5gth0000gn/T/fm-control-relaunch.50S9t4/note-2043/home/state/rl2.git-hooks/prepare-commit-msg: Permission denied
rm: /private/var/folders/tx/1rphyw7154x0k2jc1vcs5gth0000gn/T/fm-control-relaunch.50S9t4/note-2043/home/state/rl2.git-hooks/post-checkout: Permission denied
rm: /private/var/folders/tx/1rphyw7154x0k2jc1vcs5gth0000gn/T/fm-control-relaunch.50S9t4/note-2043/home/state/rl2.git-hooks/post-applypatch: Permission denied
rm: /private/var/folders/tx/1rphyw7154x0k2jc1vcs5gth0000gn/T/fm-control-relaunch.50S9t4/note-2043/home/state/rl2.git-hooks/post-rewrite: Permission denied
rm: /private/var/folders/tx/1rphyw7154x0k2jc1vcs5gth0000gn/T/fm-control-relaunch.50S9t4/note-2043/home/state/rl2.git-hooks/commit-msg: Permission denied
rm: /private/var/folders/tx/1rphyw7154x0k2jc1vcs5gth0000gn/T/fm-control-relaunch.50S9t4/note-2043/home/state/rl2.git-hooks/pre-push: Permission denied
rm: /private/var/folders/tx/1rphyw7154x0k2jc1vcs5gth0000gn/T/fm-control-relaunch.50S9t4/note-2043/home/state/rl2.git-hooks/post-merge: Permission denied
rm: /private/var/folders/tx/1rphyw7154x0k2jc1vcs5gth0000gn/T/fm-control-relaunch.50S9t4/note-2043/home/state/rl2.git-hooks/pre-commit: Permission denied
rm: /private/var/folders/tx/1rphyw7154x0k2jc1vcs5gth0000gn/T/fm-control-relaunch.50S9t4/note-2043/home/state/rl2.git-hooks: Directory not empty
rm: /private/var/folders/tx/1rphyw7154x0k2jc1vcs5gth0000gn/T/fm-control-relaunch.50S9t4/note-2043/home/state: Directory not empty
rm: /private/var/folders/tx/1rphyw7154x0k2jc1vcs5gth0000gn/T/fm-control-relaunch.50S9t4/note-2043/home: Directory not empty
rm: /private/var/folders/tx/1rphyw7154x0k2jc1vcs5gth0000gn/T/fm-control-relaunch.50S9t4/note-2043: Directory not empty
rm: /private/var/folders/tx/1rphyw7154x0k2jc1vcs5gth0000gn/T/fm-control-relaunch.50S9t4/cursorwiring-9271/home/state/rl35.git-hooks/pre-rebase: Permission denied
rm: /private/var/folders/tx/1rphyw7154x0k2jc1vcs5gth0000gn/T/fm-control-relaunch.50S9t4/cursorwiring-9271/home/state/rl35.git-hooks/pre-applypatch: Permission denied
rm: /private/var/folders/tx/1rphyw7154x0k2jc1vcs5gth0000gn/T/fm-control-relaunch.50S9t4/cursorwiring-9271/home/state/rl35.git-hooks/pre-auto-gc: Permission denied
rm: /private/var/folders/tx/1rphyw7154x0k2jc1vcs5gth0000gn/T/fm-control-relaunch.50S9t4/cursorwiring-9271/home/state/rl35.git-hooks/pre-merge-commit: Permission denied
rm: /private/var/folders/tx/1rphyw7154x0k2jc1vcs5gth0000gn/T/fm-control-relaunch.50S9t4/cursorwiring-9271/home/state/rl35.git-hooks/post-commit: Permission denied
rm: /private/var/folders/tx/1rphyw7154x0k2jc1vcs5gth0000gn/T/fm-control-relaunch.50S9t4/cursorwiring-9271/home/state/rl35.git-hooks/sendemail-validate: Permission denied
rm: /private/var/folders/tx/1rphyw7154x0k2jc1vcs5gth0000gn/T/fm-control-relaunch.50S9t4/cursorwiring-9271/home/state/rl35.git-hooks/applypatch-msg: Permission denied
rm: /private/var/folders/tx/1rphyw7154x0k2jc1vcs5gth0000gn/T/fm-control-relaunch.50S9t4/cursorwiring-9271/home/state/rl35.git-hooks/prepare-commit-msg: Permission denied
rm: /private/var/folders/tx/1rphyw7154x0k2jc1vcs5gth0000gn/T/fm-control-relaunch.50S9t4/cursorwiring-9271/home/state/rl35.git-hooks/post-checkout: Permission denied
rm: /private/var/folders/tx/1rphyw7154x0k2jc1vcs5gth0000gn/T/fm-control-relaunch.50S9t4/cursorwiring-9271/home/state/rl35.git-hooks/post-applypatch: Permission denied
rm: /private/var/folders/tx/1rphyw7154x0k2jc1vcs5gth0000gn/T/fm-control-relaunch.50S9t4/cursorwiring-9271/home/state/rl35.git-hooks/post-rewrite: Permission denied
rm: /private/var/folders/tx/1rphyw7154x0k2jc1vcs5gth0000gn/T/fm-control-relaunch.50S9t4/cursorwiring-9271/home/state/rl35.git-hooks/commit-msg: Permission denied
rm: /private/var/folders/tx/1rphyw7154x0k2jc1vcs5gth0000gn/T/fm-control-relaunch.50S9t4/cursorwiring-9271/home/state/rl35.git-hooks/pre-push: Permission denied
rm: /private/var/folders/tx/1rphyw7154x0k2jc1vcs5gth0000gn/T/fm-control-relaunch.50S9t4/cursorwiring-9271/home/state/rl35.git-hooks/post-merge: Permission denied
rm: /private/var/folders/tx/1rphyw7154x0k2jc1vcs5gth0000gn/T/fm-control-relaunch.50S9t4/cursorwiring-9271/home/state/rl35.git-hooks/pre-commit: Permission denied
rm: /private/var/folders/tx/1rphyw7154x0k2jc1vcs5gth0000gn/T/fm-control-relaunch.50S9t4/cursorwiring-9271/home/state/rl35.git-hooks: Directory not empty
rm: /private/var/folders/tx/1rphyw7154x0k2jc1vcs5gth0000gn/T/fm-control-relaunch.50S9t4/cursorwiring-9271/home/state: Directory not empty
rm: /private/var/folders/tx/1rphyw7154x0k2jc1vcs5gth0000gn/T/fm-control-relaunch.50S9t4/cursorwiring-9271/home: Directory not empty
rm: /private/var/folders/tx/1rphyw7154x0k2jc1vcs5gth0000gn/T/fm-control-relaunch.50S9t4/cursorwiring-9271: Directory not empty
rm: /private/var/folders/tx/1rphyw7154x0k2jc1vcs5gth0000gn/T/fm-control-relaunch.50S9t4/crewcfg-9801/home/state/rl20.git-hooks/pre-rebase: Permission denied
rm: /private/var/folders/tx/1rphyw7154x0k2jc1vcs5gth0000gn/T/fm-control-relaunch.50S9t4/crewcfg-9801/home/state/rl20.git-hooks/pre-applypatch: Permission denied
rm: /private/var/folders/tx/1rphyw7154x0k2jc1vcs5gth0000gn/T/fm-control-relaunch.50S9t4/crewcfg-9801/home/state/rl20.git-hooks/pre-auto-gc: Permission denied
rm: /private/var/folders/tx/1rphyw7154x0k2jc1vcs5gth0000gn/T/fm-control-relaunch.50S9t4/crewcfg-9801/home/state/rl20.git-hooks/pre-merge-commit: Permission denied
rm: /private/var/folders/tx/1rphyw7154x0k2jc1vcs5gth0000gn/T/fm-control-relaunch.50S9t4/crewcfg-9801/home/state/rl20.git-hooks/post-commit: Permission denied
rm: /private/var/folders/tx/1rphyw7154x0k2jc1vcs5gth0000gn/T/fm-control-relaunch.50S9t4/crewcfg-9801/home/state/rl20.git-hooks/sendemail-validate: Permission denied
rm: /private/var/folders/tx/1rphyw7154x0k2jc1vcs5gth0000gn/T/fm-control-relaunch.50S9t4/crewcfg-9801/home/state/rl20.git-hooks/applypatch-msg: Permission denied
rm: /private/var/folders/tx/1rphyw7154x0k2jc1vcs5gth0000gn/T/fm-control-relaunch.50S9t4/crewcfg-9801/home/state/rl20.git-hooks/prepare-commit-msg: Permission denied
rm: /private/var/folders/tx/1rphyw7154x0k2jc1vcs5gth0000gn/T/fm-control-relaunch.50S9t4/crewcfg-9801/home/state/rl20.git-hooks/post-checkout: Permission denied
rm: /private/var/folders/tx/1rphyw7154x0k2jc1vcs5gth0000gn/T/fm-control-relaunch.50S9t4/crewcfg-9801/home/state/rl20.git-hooks/post-applypatch: Permission denied
rm: /private/var/folders/tx/1rphyw7154x0k2jc1vcs5gth0000gn/T/fm-control-relaunch.50S9t4/crewcfg-9801/home/state/rl20.git-hooks/post-rewrite: Permission denied
rm: /private/var/folders/tx/1rphyw7154x0k2jc1vcs5gth0000gn/T/fm-control-relaunch.50S9t4/crewcfg-9801/home/state/rl20.git-hooks/commit-msg: Permission denied
rm: /private/var/folders/tx/1rphyw7154x0k2jc1vcs5gth0000gn/T/fm-control-relaunch.50S9t4/crewcfg-9801/home/state/rl20.git-hooks/pre-push: Permission denied
rm: /private/var/folders/tx/1rphyw7154x0k2jc1vcs5gth0000gn/T/fm-control-relaunch.50S9t4/crewcfg-9801/home/state/rl20.git-hooks/post-merge: Permission denied
rm: /private/var/folders/tx/1rphyw7154x0k2jc1vcs5gth0000gn/T/fm-control-relaunch.50S9t4/crewcfg-9801/home/state/rl20.git-hooks/pre-commit: Permission denied
rm: /private/var/folders/tx/1rphyw7154x0k2jc1vcs5gth0000gn/T/fm-control-relaunch.50S9t4/crewcfg-9801/home/state/rl20.git-hooks: Directory not empty
rm: /private/var/folders/tx/1rphyw7154x0k2jc1vcs5gth0000gn/T/fm-control-relaunch.50S9t4/crewcfg-9801/home/state: Directory not empty
rm: /private/var/folders/tx/1rphyw7154x0k2jc1vcs5gth0000gn/T/fm-control-relaunch.50S9t4/crewcfg-9801/home: Directory not empty
rm: /private/var/folders/tx/1rphyw7154x0k2jc1vcs5gth0000gn/T/fm-control-relaunch.50S9t4/crewcfg-9801: Directory not empty
rm: /private/var/folders/tx/1rphyw7154x0k2jc1vcs5gth0000gn/T/fm-control-relaunch.50S9t4/durable-meta-26825/home/state/rl19.git-hooks/pre-rebase: Permission denied
rm: /private/var/folders/tx/1rphyw7154x0k2jc1vcs5gth0000gn/T/fm-control-relaunch.50S9t4/durable-meta-26825/home/state/rl19.git-hooks/pre-applypatch: Permission denied
rm: /private/var/folders/tx/1rphyw7154x0k2jc1vcs5gth0000gn/T/fm-control-relaunch.50S9t4/durable-meta-26825/home/state/rl19.git-hooks/pre-auto-gc: Permission denied
rm: /private/var/folders/tx/1rphyw7154x0k2jc1vcs5gth0000gn/T/fm-control-relaunch.50S9t4/durable-meta-26825/home/state/rl19.git-hooks/pre-merge-commit: Permission denied
rm: /private/var/folders/tx/1rphyw7154x0k2jc1vcs5gth0000gn/T/fm-control-relaunch.50S9t4/durable-meta-26825/home/state/rl19.git-hooks/post-commit: Permission denied
rm: /private/var/folders/tx/1rphyw7154x0k2jc1vcs5gth0000gn/T/fm-control-relaunch.50S9t4/durable-meta-26825/home/state/rl19.git-hooks/sendemail-validate: Permission denied
rm: /private/var/folders/tx/1rphyw7154x0k2jc1vcs5gth0000gn/T/fm-control-relaunch.50S9t4/durable-meta-26825/home/state/rl19.git-hooks/applypatch-msg: Permission denied
rm: /private/var/folders/tx/1rphyw7154x0k2jc1vcs5gth0000gn/T/fm-control-relaunch.50S9t4/durable-meta-26825/home/state/rl19.git-hooks/prepare-commit-msg: Permission denied
rm: /private/var/folders/tx/1rphyw7154x0k2jc1vcs5gth0000gn/T/fm-control-relaunch.50S9t4/durable-meta-26825/home/state/rl19.git-hooks/post-checkout: Permission denied
rm: /private/var/folders/tx/1rphyw7154x0k2jc1vcs5gth0000gn/T/fm-control-relaunch.50S9t4/durable-meta-26825/home/state/rl19.git-hooks/post-applypatch: Permission denied
rm: /private/var/folders/tx/1rphyw7154x0k2jc1vcs5gth0000gn/T/fm-control-relaunch.50S9t4/durable-meta-26825/home/state/rl19.git-hooks/post-rewrite: Permission denied
rm: /private/var/folders/tx/1rphyw7154x0k2jc1vcs5gth0000gn/T/fm-control-relaunch.50S9t4/durable-meta-26825/home/state/rl19.git-hooks/commit-msg: Permission denied
rm: /private/var/folders/tx/1rphyw7154x0k2jc1vcs5gth0000gn/T/fm-control-relaunch.50S9t4/durable-meta-26825/home/state/rl19.git-hooks/pre-push: Permission denied
rm: /private/var/folders/tx/1rphyw7154x0k2jc1vcs5gth0000gn/T/fm-control-relaunch.50S9t4/durable-meta-26825/home/state/rl19.git-hooks/post-merge: Permission denied
rm: /private/var/folders/tx/1rphyw7154x0k2jc1vcs5gth0000gn/T/fm-control-relaunch.50S9t4/durable-meta-26825/home/state/rl19.git-hooks/pre-commit: Permission denied
rm: /private/var/folders/tx/1rphyw7154x0k2jc1vcs5gth0000gn/T/fm-control-relaunch.50S9t4/durable-meta-26825/home/state/rl19.git-hooks: Directory not empty
rm: /private/var/folders/tx/1rphyw7154x0k2jc1vcs5gth0000gn/T/fm-control-relaunch.50S9t4/durable-meta-26825/home/state: Directory not empty
rm: /private/var/folders/tx/1rphyw7154x0k2jc1vcs5gth0000gn/T/fm-control-relaunch.50S9t4/durable-meta-26825/home: Directory not empty
rm: /private/var/folders/tx/1rphyw7154x0k2jc1vcs5gth0000gn/T/fm-control-relaunch.50S9t4/durable-meta-26825: Directory not empty
rm: /private/var/folders/tx/1rphyw7154x0k2jc1vcs5gth0000gn/T/fm-control-relaunch.50S9t4/smexplicit-12796/home/state/sm4.git-hooks/pre-rebase: Permission denied
rm: /private/var/folders/tx/1rphyw7154x0k2jc1vcs5gth0000gn/T/fm-control-relaunch.50S9t4/smexplicit-12796/home/state/sm4.git-hooks/pre-applypatch: Permission denied
rm: /private/var/folders/tx/1rphyw7154x0k2jc1vcs5gth0000gn/T/fm-control-relaunch.50S9t4/smexplicit-12796/home/state/sm4.git-hooks/pre-auto-gc: Permission denied
rm: /private/var/folders/tx/1rphyw7154x0k2jc1vcs5gth0000gn/T/fm-control-relaunch.50S9t4/smexplicit-12796/home/state/sm4.git-hooks/pre-merge-commit: Permission denied
rm: /private/var/folders/tx/1rphyw7154x0k2jc1vcs5gth0000gn/T/fm-control-relaunch.50S9t4/smexplicit-12796/home/state/sm4.git-hooks/post-commit: Permission denied
rm: /private/var/folders/tx/1rphyw7154x0k2jc1vcs5gth0000gn/T/fm-control-relaunch.50S9t4/smexplicit-12796/home/state/sm4.git-hooks/sendemail-validate: Permission denied
rm: /private/var/folders/tx/1rphyw7154x0k2jc1vcs5gth0000gn/T/fm-control-relaunch.50S9t4/smexplicit-12796/home/state/sm4.git-hooks/applypatch-msg: Permission denied
rm: /private/var/folders/tx/1rphyw7154x0k2jc1vcs5gth0000gn/T/fm-control-relaunch.50S9t4/smexplicit-12796/home/state/sm4.git-hooks/prepare-commit-msg: Permission denied
rm: /private/var/folders/tx/1rphyw7154x0k2jc1vcs5gth0000gn/T/fm-control-relaunch.50S9t4/smexplicit-12796/home/state/sm4.git-hooks/post-checkout: Permission denied
rm: /private/var/folders/tx/1rphyw7154x0k2jc1vcs5gth0000gn/T/fm-control-relaunch.50S9t4/smexplicit-12796/home/state/sm4.git-hooks/post-applypatch: Permission denied
rm: /private/var/folders/tx/1rphyw7154x0k2jc1vcs5gth0000gn/T/fm-control-relaunch.50S9t4/smexplicit-12796/home/state/sm4.git-hooks/post-rewrite: Permission denied
rm: /private/var/folders/tx/1rphyw7154x0k2jc1vcs5gth0000gn/T/fm-control-relaunch.50S9t4/smexplicit-12796/home/state/sm4.git-hooks/commit-msg: Permission denied
rm: /private/var/folders/tx/1rphyw7154x0k2jc1vcs5gth0000gn/T/fm-control-relaunch.50S9t4/smexplicit-12796/home/state/sm4.git-hooks/pre-push: Permission denied
rm: /private/var/folders/tx/1rphyw7154x0k2jc1vcs5gth0000gn/T/fm-control-relaunch.50S9t4/smexplicit-12796/home/state/sm4.git-hooks/post-merge: Permission denied
rm: /private/var/folders/tx/1rphyw7154x0k2jc1vcs5gth0000gn/T/fm-control-relaunch.50S9t4/smexplicit-12796/home/state/sm4.git-hooks/pre-commit: Permission denied
rm: /private/var/folders/tx/1rphyw7154x0k2jc1vcs5gth0000gn/T/fm-control-relaunch.50S9t4/smexplicit-12796/home/state/sm4.git-hooks: Directory not empty
rm: /private/var/folders/tx/1rphyw7154x0k2jc1vcs5gth0000gn/T/fm-control-relaunch.50S9t4/smexplicit-12796/home/state: Directory not empty
rm: /private/var/folders/tx/1rphyw7154x0k2jc1vcs5gth0000gn/T/fm-control-relaunch.50S9t4/smexplicit-12796/home: Directory not empty
rm: /private/var/folders/tx/1rphyw7154x0k2jc1vcs5gth0000gn/T/fm-control-relaunch.50S9t4/smexplicit-12796: Directory not empty
rm: /private/var/folders/tx/1rphyw7154x0k2jc1vcs5gth0000gn/T/fm-control-relaunch.50S9t4/promotebranch-10760/home/state/rl42.git-hooks/pre-rebase: Permission denied
rm: /private/var/folders/tx/1rphyw7154x0k2jc1vcs5gth0000gn/T/fm-control-relaunch.50S9t4/promotebranch-10760/home/state/rl42.git-hooks/pre-applypatch: Permission denied
rm: /private/var/folders/tx/1rphyw7154x0k2jc1vcs5gth0000gn/T/fm-control-relaunch.50S9t4/promotebranch-10760/home/state/rl42.git-hooks/pre-auto-gc: Permission denied
rm: /private/var/folders/tx/1rphyw7154x0k2jc1vcs5gth0000gn/T/fm-control-relaunch.50S9t4/promotebranch-10760/home/state/rl42.git-hooks/pre-merge-commit: Permission denied
rm: /private/var/folders/tx/1rphyw7154x0k2jc1vcs5gth0000gn/T/fm-control-relaunch.50S9t4/promotebranch-10760/home/state/rl42.git-hooks/post-commit: Permission denied
rm: /private/var/folders/tx/1rphyw7154x0k2jc1vcs5gth0000gn/T/fm-control-relaunch.50S9t4/promotebranch-10760/home/state/rl42.git-hooks/sendemail-validate: Permission denied
rm: /private/var/folders/tx/1rphyw7154x0k2jc1vcs5gth0000gn/T/fm-control-relaunch.50S9t4/promotebranch-10760/home/state/rl42.git-hooks/applypatch-msg: Permission denied
rm: /private/var/folders/tx/1rphyw7154x0k2jc1vcs5gth0000gn/T/fm-control-relaunch.50S9t4/promotebranch-10760/home/state/rl42.git-hooks/prepare-commit-msg: Permission denied
rm: /private/var/folders/tx/1rphyw7154x0k2jc1vcs5gth0000gn/T/fm-control-relaunch.50S9t4/promotebranch-10760/home/state/rl42.git-hooks/post-checkout: Permission denied
rm: /private/var/folders/tx/1rphyw7154x0k2jc1vcs5gth0000gn/T/fm-control-relaunch.50S9t4/promotebranch-10760/home/state/rl42.git-hooks/post-applypatch: Permission denied
rm: /private/var/folders/tx/1rphyw7154x0k2jc1vcs5gth0000gn/T/fm-control-relaunch.50S9t4/promotebranch-10760/home/state/rl42.git-hooks/post-rewrite: Permission denied
rm: /private/var/folders/tx/1rphyw7154x0k2jc1vcs5gth0000gn/T/fm-control-relaunch.50S9t4/promotebranch-10760/home/state/rl42.git-hooks/commit-msg: Permission denied
rm: /private/var/folders/tx/1rphyw7154x0k2jc1vcs5gth0000gn/T/fm-control-relaunch.50S9t4/promotebranch-10760/home/state/rl42.git-hooks/pre-push: Permission denied
rm: /private/var/folders/tx/1rphyw7154x0k2jc1vcs5gth0000gn/T/fm-control-relaunch.50S9t4/promotebranch-10760/home/state/rl42.git-hooks/post-merge: Permission denied
rm: /private/var/folders/tx/1rphyw7154x0k2jc1vcs5gth0000gn/T/fm-control-relaunch.50S9t4/promotebranch-10760/home/state/rl42.git-hooks/pre-commit: Permission denied
rm: /private/var/folders/tx/1rphyw7154x0k2jc1vcs5gth0000gn/T/fm-control-relaunch.50S9t4/promotebranch-10760/home/state/rl42.git-hooks: Directory not empty
rm: /private/var/folders/tx/1rphyw7154x0k2jc1vcs5gth0000gn/T/fm-control-relaunch.50S9t4/promotebranch-10760/home/state: Directory not empty
rm: /private/var/folders/tx/1rphyw7154x0k2jc1vcs5gth0000gn/T/fm-control-relaunch.50S9t4/promotebranch-10760/home: Directory not empty
rm: /private/var/folders/tx/1rphyw7154x0k2jc1vcs5gth0000gn/T/fm-control-relaunch.50S9t4/promotebranch-10760: Directory not empty
rm: /private/var/folders/tx/1rphyw7154x0k2jc1vcs5gth0000gn/T/fm-control-relaunch.50S9t4/reverify-11327/home/state/rl40.git-hooks/pre-rebase: Permission denied
rm: /private/var/folders/tx/1rphyw7154x0k2jc1vcs5gth0000gn/T/fm-control-relaunch.50S9t4/reverify-11327/home/state/rl40.git-hooks/pre-applypatch: Permission denied
rm: /private/var/folders/tx/1rphyw7154x0k2jc1vcs5gth0000gn/T/fm-control-relaunch.50S9t4/reverify-11327/home/state/rl40.git-hooks/pre-auto-gc: Permission denied
rm: /private/var/folders/tx/1rphyw7154x0k2jc1vcs5gth0000gn/T/fm-control-relaunch.50S9t4/reverify-11327/home/state/rl40.git-hooks/pre-merge-commit: Permission denied
rm: /private/var/folders/tx/1rphyw7154x0k2jc1vcs5gth0000gn/T/fm-control-relaunch.50S9t4/reverify-11327/home/state/rl40.git-hooks/post-commit: Permission denied
rm: /private/var/folders/tx/1rphyw7154x0k2jc1vcs5gth0000gn/T/fm-control-relaunch.50S9t4/reverify-11327/home/state/rl40.git-hooks/sendemail-validate: Permission denied
rm: /private/var/folders/tx/1rphyw7154x0k2jc1vcs5gth0000gn/T/fm-control-relaunch.50S9t4/reverify-11327/home/state/rl40.git-hooks/applypatch-msg: Permission denied
rm: /private/var/folders/tx/1rphyw7154x0k2jc1vcs5gth0000gn/T/fm-control-relaunch.50S9t4/reverify-11327/home/state/rl40.git-hooks/prepare-commit-msg: Permission denied
rm: /private/var/folders/tx/1rphyw7154x0k2jc1vcs5gth0000gn/T/fm-control-relaunch.50S9t4/reverify-11327/home/state/rl40.git-hooks/post-checkout: Permission denied
rm: /private/var/folders/tx/1rphyw7154x0k2jc1vcs5gth0000gn/T/fm-control-relaunch.50S9t4/reverify-11327/home/state/rl40.git-hooks/post-applypatch: Permission denied
rm: /private/var/folders/tx/1rphyw7154x0k2jc1vcs5gth0000gn/T/fm-control-relaunch.50S9t4/reverify-11327/home/state/rl40.git-hooks/post-rewrite: Permission denied
rm: /private/var/folders/tx/1rphyw7154x0k2jc1vcs5gth0000gn/T/fm-control-relaunch.50S9t4/reverify-11327/home/state/rl40.git-hooks/commit-msg: Permission denied
rm: /private/var/folders/tx/1rphyw7154x0k2jc1vcs5gth0000gn/T/fm-control-relaunch.50S9t4/reverify-11327/home/state/rl40.git-hooks/pre-push: Permission denied
rm: /private/var/folders/tx/1rphyw7154x0k2jc1vcs5gth0000gn/T/fm-control-relaunch.50S9t4/reverify-11327/home/state/rl40.git-hooks/post-merge: Permission denied
rm: /private/var/folders/tx/1rphyw7154x0k2jc1vcs5gth0000gn/T/fm-control-relaunch.50S9t4/reverify-11327/home/state/rl40.git-hooks/pre-commit: Permission denied
rm: /private/var/folders/tx/1rphyw7154x0k2jc1vcs5gth0000gn/T/fm-control-relaunch.50S9t4/reverify-11327/home/state/rl40.git-hooks: Directory not empty
rm: /private/var/folders/tx/1rphyw7154x0k2jc1vcs5gth0000gn/T/fm-control-relaunch.50S9t4/reverify-11327/home/state: Directory not empty
rm: /private/var/folders/tx/1rphyw7154x0k2jc1vcs5gth0000gn/T/fm-control-relaunch.50S9t4/reverify-11327/home: Directory not empty
rm: /private/var/folders/tx/1rphyw7154x0k2jc1vcs5gth0000gn/T/fm-control-relaunch.50S9t4/reverify-11327: Directory not empty
rm: /private/var/folders/tx/1rphyw7154x0k2jc1vcs5gth0000gn/T/fm-control-relaunch.50S9t4/drifted-21285/home/state/rl41.git-hooks/pre-rebase: Permission denied
rm: /private/var/folders/tx/1rphyw7154x0k2jc1vcs5gth0000gn/T/fm-control-relaunch.50S9t4/drifted-21285/home/state/rl41.git-hooks/pre-applypatch: Permission denied
rm: /private/var/folders/tx/1rphyw7154x0k2jc1vcs5gth0000gn/T/fm-control-relaunch.50S9t4/drifted-21285/home/state/rl41.git-hooks/pre-auto-gc: Permission denied
rm: /private/var/folders/tx/1rphyw7154x0k2jc1vcs5gth0000gn/T/fm-control-relaunch.50S9t4/drifted-21285/home/state/rl41.git-hooks/pre-merge-commit: Permission denied
rm: /private/var/folders/tx/1rphyw7154x0k2jc1vcs5gth0000gn/T/fm-control-relaunch.50S9t4/drifted-21285/home/state/rl41.git-hooks/post-commit: Permission denied
rm: /private/var/folders/tx/1rphyw7154x0k2jc1vcs5gth0000gn/T/fm-control-relaunch.50S9t4/drifted-21285/home/state/rl41.git-hooks/sendemail-validate: Permission denied
rm: /private/var/folders/tx/1rphyw7154x0k2jc1vcs5gth0000gn/T/fm-control-relaunch.50S9t4/drifted-21285/home/state/rl41.git-hooks/applypatch-msg: Permission denied
rm: /private/var/folders/tx/1rphyw7154x0k2jc1vcs5gth0000gn/T/fm-control-relaunch.50S9t4/drifted-21285/home/state/rl41.git-hooks/prepare-commit-msg: Permission denied
rm: /private/var/folders/tx/1rphyw7154x0k2jc1vcs5gth0000gn/T/fm-control-relaunch.50S9t4/drifted-21285/home/state/rl41.git-hooks/post-checkout: Permission denied
rm: /private/var/folders/tx/1rphyw7154x0k2jc1vcs5gth0000gn/T/fm-control-relaunch.50S9t4/drifted-21285/home/state/rl41.git-hooks/post-applypatch: Permission denied
rm: /private/var/folders/tx/1rphyw7154x0k2jc1vcs5gth0000gn/T/fm-control-relaunch.50S9t4/drifted-21285/home/state/rl41.git-hooks/post-rewrite: Permission denied
rm: /private/var/folders/tx/1rphyw7154x0k2jc1vcs5gth0000gn/T/fm-control-relaunch.50S9t4/drifted-21285/home/state/rl41.git-hooks/commit-msg: Permission denied
rm: /private/var/folders/tx/1rphyw7154x0k2jc1vcs5gth0000gn/T/fm-control-relaunch.50S9t4/drifted-21285/home/state/rl41.git-hooks/pre-push: Permission denied
rm: /private/var/folders/tx/1rphyw7154x0k2jc1vcs5gth0000gn/T/fm-control-relaunch.50S9t4/drifted-21285/home/state/rl41.git-hooks/post-merge: Permission denied
rm: /private/var/folders/tx/1rphyw7154x0k2jc1vcs5gth0000gn/T/fm-control-relaunch.50S9t4/drifted-21285/home/state/rl41.git-hooks/pre-commit: Permission denied
rm: /private/var/folders/tx/1rphyw7154x0k2jc1vcs5gth0000gn/T/fm-control-relaunch.50S9t4/drifted-21285/home/state/rl41.git-hooks: Directory not empty
rm: /private/var/folders/tx/1rphyw7154x0k2jc1vcs5gth0000gn/T/fm-control-relaunch.50S9t4/drifted-21285/home/state: Directory not empty
rm: /private/var/folders/tx/1rphyw7154x0k2jc1vcs5gth0000gn/T/fm-control-relaunch.50S9t4/drifted-21285/home: Directory not empty
rm: /private/var/folders/tx/1rphyw7154x0k2jc1vcs5gth0000gn/T/fm-control-relaunch.50S9t4/drifted-21285: Directory not empty
rm: /private/var/folders/tx/1rphyw7154x0k2jc1vcs5gth0000gn/T/fm-control-relaunch.50S9t4/linked-home-9396/home/state/rl42.git-hooks/pre-rebase: Permission denied
rm: /private/var/folders/tx/1rphyw7154x0k2jc1vcs5gth0000gn/T/fm-control-relaunch.50S9t4/linked-home-9396/home/state/rl42.git-hooks/pre-applypatch: Permission denied
rm: /private/var/folders/tx/1rphyw7154x0k2jc1vcs5gth0000gn/T/fm-control-relaunch.50S9t4/linked-home-9396/home/state/rl42.git-hooks/pre-auto-gc: Permission denied
rm: /private/var/folders/tx/1rphyw7154x0k2jc1vcs5gth0000gn/T/fm-control-relaunch.50S9t4/linked-home-9396/home/state/rl42.git-hooks/pre-merge-commit: Permission denied
rm: /private/var/folders/tx/1rphyw7154x0k2jc1vcs5gth0000gn/T/fm-control-relaunch.50S9t4/linked-home-9396/home/state/rl42.git-hooks/post-commit: Permission denied
rm: /private/var/folders/tx/1rphyw7154x0k2jc1vcs5gth0000gn/T/fm-control-relaunch.50S9t4/linked-home-9396/home/state/rl42.git-hooks/sendemail-validate: Permission denied
rm: /private/var/folders/tx/1rphyw7154x0k2jc1vcs5gth0000gn/T/fm-control-relaunch.50S9t4/linked-home-9396/home/state/rl42.git-hooks/applypatch-msg: Permission denied
rm: /private/var/folders/tx/1rphyw7154x0k2jc1vcs5gth0000gn/T/fm-control-relaunch.50S9t4/linked-home-9396/home/state/rl42.git-hooks/prepare-commit-msg: Permission denied
rm: /private/var/folders/tx/1rphyw7154x0k2jc1vcs5gth0000gn/T/fm-control-relaunch.50S9t4/linked-home-9396/home/state/rl42.git-hooks/post-checkout: Permission denied
rm: /private/var/folders/tx/1rphyw7154x0k2jc1vcs5gth0000gn/T/fm-control-relaunch.50S9t4/linked-home-9396/home/state/rl42.git-hooks/post-applypatch: Permission denied
rm: /private/var/folders/tx/1rphyw7154x0k2jc1vcs5gth0000gn/T/fm-control-relaunch.50S9t4/linked-home-9396/home/state/rl42.git-hooks/post-rewrite: Permission denied
rm: /private/var/folders/tx/1rphyw7154x0k2jc1vcs5gth0000gn/T/fm-control-relaunch.50S9t4/linked-home-9396/home/state/rl42.git-hooks/commit-msg: Permission denied
rm: /private/var/folders/tx/1rphyw7154x0k2jc1vcs5gth0000gn/T/fm-control-relaunch.50S9t4/linked-home-9396/home/state/rl42.git-hooks/pre-push: Permission denied
rm: /private/var/folders/tx/1rphyw7154x0k2jc1vcs5gth0000gn/T/fm-control-relaunch.50S9t4/linked-home-9396/home/state/rl42.git-hooks/post-merge: Permission denied
rm: /private/var/folders/tx/1rphyw7154x0k2jc1vcs5gth0000gn/T/fm-control-relaunch.50S9t4/linked-home-9396/home/state/rl42.git-hooks/pre-commit: Permission denied
rm: /private/var/folders/tx/1rphyw7154x0k2jc1vcs5gth0000gn/T/fm-control-relaunch.50S9t4/linked-home-9396/home/state/rl42.git-hooks: Directory not empty
rm: /private/var/folders/tx/1rphyw7154x0k2jc1vcs5gth0000gn/T/fm-control-relaunch.50S9t4/linked-home-9396/home/state: Directory not empty
rm: /private/var/folders/tx/1rphyw7154x0k2jc1vcs5gth0000gn/T/fm-control-relaunch.50S9t4/linked-home-9396/home: Directory not empty
rm: /private/var/folders/tx/1rphyw7154x0k2jc1vcs5gth0000gn/T/fm-control-relaunch.50S9t4/linked-home-9396: Directory not empty
rm: /private/var/folders/tx/1rphyw7154x0k2jc1vcs5gth0000gn/T/fm-control-relaunch.50S9t4/trace-off-15128/home/state/rl33.git-hooks/pre-rebase: Permission denied
rm: /private/var/folders/tx/1rphyw7154x0k2jc1vcs5gth0000gn/T/fm-control-relaunch.50S9t4/trace-off-15128/home/state/rl33.git-hooks/pre-applypatch: Permission denied
rm: /private/var/folders/tx/1rphyw7154x0k2jc1vcs5gth0000gn/T/fm-control-relaunch.50S9t4/trace-off-15128/home/state/rl33.git-hooks/pre-auto-gc: Permission denied
rm: /private/var/folders/tx/1rphyw7154x0k2jc1vcs5gth0000gn/T/fm-control-relaunch.50S9t4/trace-off-15128/home/state/rl33.git-hooks/pre-merge-commit: Permission denied
rm: /private/var/folders/tx/1rphyw7154x0k2jc1vcs5gth0000gn/T/fm-control-relaunch.50S9t4/trace-off-15128/home/state/rl33.git-hooks/post-commit: Permission denied
rm: /private/var/folders/tx/1rphyw7154x0k2jc1vcs5gth0000gn/T/fm-control-relaunch.50S9t4/trace-off-15128/home/state/rl33.git-hooks/sendemail-validate: Permission denied
rm: /private/var/folders/tx/1rphyw7154x0k2jc1vcs5gth0000gn/T/fm-control-relaunch.50S9t4/trace-off-15128/home/state/rl33.git-hooks/applypatch-msg: Permission denied
rm: /private/var/folders/tx/1rphyw7154x0k2jc1vcs5gth0000gn/T/fm-control-relaunch.50S9t4/trace-off-15128/home/state/rl33.git-hooks/prepare-commit-msg: Permission denied
rm: /private/var/folders/tx/1rphyw7154x0k2jc1vcs5gth0000gn/T/fm-control-relaunch.50S9t4/trace-off-15128/home/state/rl33.git-hooks/post-checkout: Permission denied
rm: /private/var/folders/tx/1rphyw7154x0k2jc1vcs5gth0000gn/T/fm-control-relaunch.50S9t4/trace-off-15128/home/state/rl33.git-hooks/post-applypatch: Permission denied
rm: /private/var/folders/tx/1rphyw7154x0k2jc1vcs5gth0000gn/T/fm-control-relaunch.50S9t4/trace-off-15128/home/state/rl33.git-hooks/post-rewrite: Permission denied
rm: /private/var/folders/tx/1rphyw7154x0k2jc1vcs5gth0000gn/T/fm-control-relaunch.50S9t4/trace-off-15128/home/state/rl33.git-hooks/commit-msg: Permission denied
rm: /private/var/folders/tx/1rphyw7154x0k2jc1vcs5gth0000gn/T/fm-control-relaunch.50S9t4/trace-off-15128/home/state/rl33.git-hooks/pre-push: Permission denied
rm: /private/var/folders/tx/1rphyw7154x0k2jc1vcs5gth0000gn/T/fm-control-relaunch.50S9t4/trace-off-15128/home/state/rl33.git-hooks/post-merge: Permission denied
rm: /private/var/folders/tx/1rphyw7154x0k2jc1vcs5gth0000gn/T/fm-control-relaunch.50S9t4/trace-off-15128/home/state/rl33.git-hooks/pre-commit: Permission denied
rm: /private/var/folders/tx/1rphyw7154x0k2jc1vcs5gth0000gn/T/fm-control-relaunch.50S9t4/trace-off-15128/home/state/rl33.git-hooks: Directory not empty
rm: /private/var/folders/tx/1rphyw7154x0k2jc1vcs5gth0000gn/T/fm-control-relaunch.50S9t4/trace-off-15128/home/state: Directory not empty
rm: /private/var/folders/tx/1rphyw7154x0k2jc1vcs5gth0000gn/T/fm-control-relaunch.50S9t4/trace-off-15128/home: Directory not empty
rm: /private/var/folders/tx/1rphyw7154x0k2jc1vcs5gth0000gn/T/fm-control-relaunch.50S9t4/trace-off-15128: Directory not empty
rm: /private/var/folders/tx/1rphyw7154x0k2jc1vcs5gth0000gn/T/fm-control-relaunch.50S9t4/promoted-scout-direct-PR-4752/home/state/rl-promoted-direct-PR.git-hooks/pre-rebase: Permission denied
rm: /private/var/folders/tx/1rphyw7154x0k2jc1vcs5gth0000gn/T/fm-control-relaunch.50S9t4/promoted-scout-direct-PR-4752/home/state/rl-promoted-direct-PR.git-hooks/pre-applypatch: Permission denied
rm: /private/var/folders/tx/1rphyw7154x0k2jc1vcs5gth0000gn/T/fm-control-relaunch.50S9t4/promoted-scout-direct-PR-4752/home/state/rl-promoted-direct-PR.git-hooks/pre-auto-gc: Permission denied
rm: /private/var/folders/tx/1rphyw7154x0k2jc1vcs5gth0000gn/T/fm-control-relaunch.50S9t4/promoted-scout-direct-PR-4752/home/state/rl-promoted-direct-PR.git-hooks/pre-merge-commit: Permission denied
rm: /private/var/folders/tx/1rphyw7154x0k2jc1vcs5gth0000gn/T/fm-control-relaunch.50S9t4/promoted-scout-direct-PR-4752/home/state/rl-promoted-direct-PR.git-hooks/post-commit: Permission denied
rm: /private/var/folders/tx/1rphyw7154x0k2jc1vcs5gth0000gn/T/fm-control-relaunch.50S9t4/promoted-scout-direct-PR-4752/home/state/rl-promoted-direct-PR.git-hooks/sendemail-validate: Permission denied
rm: /private/var/folders/tx/1rphyw7154x0k2jc1vcs5gth0000gn/T/fm-control-relaunch.50S9t4/promoted-scout-direct-PR-4752/home/state/rl-promoted-direct-PR.git-hooks/applypatch-msg: Permission denied
rm: /private/var/folders/tx/1rphyw7154x0k2jc1vcs5gth0000gn/T/fm-control-relaunch.50S9t4/promoted-scout-direct-PR-4752/home/state/rl-promoted-direct-PR.git-hooks/prepare-commit-msg: Permission denied
rm: /private/var/folders/tx/1rphyw7154x0k2jc1vcs5gth0000gn/T/fm-control-relaunch.50S9t4/promoted-scout-direct-PR-4752/home/state/rl-promoted-direct-PR.git-hooks/post-checkout: Permission denied
rm: /private/var/folders/tx/1rphyw7154x0k2jc1vcs5gth0000gn/T/fm-control-relaunch.50S9t4/promoted-scout-direct-PR-4752/home/state/rl-promoted-direct-PR.git-hooks/post-applypatch: Permission denied
rm: /private/var/folders/tx/1rphyw7154x0k2jc1vcs5gth0000gn/T/fm-control-relaunch.50S9t4/promoted-scout-direct-PR-4752/home/state/rl-promoted-direct-PR.git-hooks/post-rewrite: Permission denied
rm: /private/var/folders/tx/1rphyw7154x0k2jc1vcs5gth0000gn/T/fm-control-relaunch.50S9t4/promoted-scout-direct-PR-4752/home/state/rl-promoted-direct-PR.git-hooks/commit-msg: Permission denied
rm: /private/var/folders/tx/1rphyw7154x0k2jc1vcs5gth0000gn/T/fm-control-relaunch.50S9t4/promoted-scout-direct-PR-4752/home/state/rl-promoted-direct-PR.git-hooks/pre-push: Permission denied
rm: /private/var/folders/tx/1rphyw7154x0k2jc1vcs5gth0000gn/T/fm-control-relaunch.50S9t4/promoted-scout-direct-PR-4752/home/state/rl-promoted-direct-PR.git-hooks/post-merge: Permission denied
rm: /private/var/folders/tx/1rphyw7154x0k2jc1vcs5gth0000gn/T/fm-control-relaunch.50S9t4/promoted-scout-direct-PR-4752/home/state/rl-promoted-direct-PR.git-hooks/pre-commit: Permission denied
rm: /private/var/folders/tx/1rphyw7154x0k2jc1vcs5gth0000gn/T/fm-control-relaunch.50S9t4/promoted-scout-direct-PR-4752/home/state/rl-promoted-direct-PR.git-hooks: Directory not empty
rm: /private/var/folders/tx/1rphyw7154x0k2jc1vcs5gth0000gn/T/fm-control-relaunch.50S9t4/promoted-scout-direct-PR-4752/home/state: Directory not empty
rm: /private/var/folders/tx/1rphyw7154x0k2jc1vcs5gth0000gn/T/fm-control-relaunch.50S9t4/promoted-scout-direct-PR-4752/home: Directory not empty
rm: /private/var/folders/tx/1rphyw7154x0k2jc1vcs5gth0000gn/T/fm-control-relaunch.50S9t4/promoted-scout-direct-PR-4752: Directory not empty
rm: /private/var/folders/tx/1rphyw7154x0k2jc1vcs5gth0000gn/T/fm-control-relaunch.50S9t4/same-28048/home/state/rl1.git-hooks/pre-rebase: Permission denied
rm: /private/var/folders/tx/1rphyw7154x0k2jc1vcs5gth0000gn/T/fm-control-relaunch.50S9t4/same-28048/home/state/rl1.git-hooks/pre-applypatch: Permission denied
rm: /private/var/folders/tx/1rphyw7154x0k2jc1vcs5gth0000gn/T/fm-control-relaunch.50S9t4/same-28048/home/state/rl1.git-hooks/pre-auto-gc: Permission denied
rm: /private/var/folders/tx/1rphyw7154x0k2jc1vcs5gth0000gn/T/fm-control-relaunch.50S9t4/same-28048/home/state/rl1.git-hooks/pre-merge-commit: Permission denied
rm: /private/var/folders/tx/1rphyw7154x0k2jc1vcs5gth0000gn/T/fm-control-relaunch.50S9t4/same-28048/home/state/rl1.git-hooks/post-commit: Permission denied
rm: /private/var/folders/tx/1rphyw7154x0k2jc1vcs5gth0000gn/T/fm-control-relaunch.50S9t4/same-28048/home/state/rl1.git-hooks/sendemail-validate: Permission denied
rm: /private/var/folders/tx/1rphyw7154x0k2jc1vcs5gth0000gn/T/fm-control-relaunch.50S9t4/same-28048/home/state/rl1.git-hooks/applypatch-msg: Permission denied
rm: /private/var/folders/tx/1rphyw7154x0k2jc1vcs5gth0000gn/T/fm-control-relaunch.50S9t4/same-28048/home/state/rl1.git-hooks/prepare-commit-msg: Permission denied
rm: /private/var/folders/tx/1rphyw7154x0k2jc1vcs5gth0000gn/T/fm-control-relaunch.50S9t4/same-28048/home/state/rl1.git-hooks/post-checkout: Permission denied
rm: /private/var/folders/tx/1rphyw7154x0k2jc1vcs5gth0000gn/T/fm-control-relaunch.50S9t4/same-28048/home/state/rl1.git-hooks/post-applypatch: Permission denied
rm: /private/var/folders/tx/1rphyw7154x0k2jc1vcs5gth0000gn/T/fm-control-relaunch.50S9t4/same-28048/home/state/rl1.git-hooks/post-rewrite: Permission denied
rm: /private/var/folders/tx/1rphyw7154x0k2jc1vcs5gth0000gn/T/fm-control-relaunch.50S9t4/same-28048/home/state/rl1.git-hooks/commit-msg: Permission denied
rm: /private/var/folders/tx/1rphyw7154x0k2jc1vcs5gth0000gn/T/fm-control-relaunch.50S9t4/same-28048/home/state/rl1.git-hooks/pre-push: Permission denied
rm: /private/var/folders/tx/1rphyw7154x0k2jc1vcs5gth0000gn/T/fm-control-relaunch.50S9t4/same-28048/home/state/rl1.git-hooks/post-merge: Permission denied
rm: /private/var/folders/tx/1rphyw7154x0k2jc1vcs5gth0000gn/T/fm-control-relaunch.50S9t4/same-28048/home/state/rl1.git-hooks/pre-commit: Permission denied
rm: /private/var/folders/tx/1rphyw7154x0k2jc1vcs5gth0000gn/T/fm-control-relaunch.50S9t4/same-28048/home/state/rl1.git-hooks: Directory not empty
rm: /private/var/folders/tx/1rphyw7154x0k2jc1vcs5gth0000gn/T/fm-control-relaunch.50S9t4/same-28048/home/state: Directory not empty
rm: /private/var/folders/tx/1rphyw7154x0k2jc1vcs5gth0000gn/T/fm-control-relaunch.50S9t4/same-28048/home: Directory not empty
rm: /private/var/folders/tx/1rphyw7154x0k2jc1vcs5gth0000gn/T/fm-control-relaunch.50S9t4/same-28048: Directory not empty
rm: /private/var/folders/tx/1rphyw7154x0k2jc1vcs5gth0000gn/T/fm-control-relaunch.50S9t4/switch-4092/home/state/rl4.git-hooks/pre-rebase: Permission denied
rm: /private/var/folders/tx/1rphyw7154x0k2jc1vcs5gth0000gn/T/fm-control-relaunch.50S9t4/switch-4092/home/state/rl4.git-hooks/pre-applypatch: Permission denied
rm: /private/var/folders/tx/1rphyw7154x0k2jc1vcs5gth0000gn/T/fm-control-relaunch.50S9t4/switch-4092/home/state/rl4.git-hooks/pre-auto-gc: Permission denied
rm: /private/var/folders/tx/1rphyw7154x0k2jc1vcs5gth0000gn/T/fm-control-relaunch.50S9t4/switch-4092/home/state/rl4.git-hooks/pre-merge-commit: Permission denied
rm: /private/var/folders/tx/1rphyw7154x0k2jc1vcs5gth0000gn/T/fm-control-relaunch.50S9t4/switch-4092/home/state/rl4.git-hooks/post-commit: Permission denied
rm: /private/var/folders/tx/1rphyw7154x0k2jc1vcs5gth0000gn/T/fm-control-relaunch.50S9t4/switch-4092/home/state/rl4.git-hooks/sendemail-validate: Permission denied
rm: /private/var/folders/tx/1rphyw7154x0k2jc1vcs5gth0000gn/T/fm-control-relaunch.50S9t4/switch-4092/home/state/rl4.git-hooks/applypatch-msg: Permission denied
rm: /private/var/folders/tx/1rphyw7154x0k2jc1vcs5gth0000gn/T/fm-control-relaunch.50S9t4/switch-4092/home/state/rl4.git-hooks/prepare-commit-msg: Permission denied
rm: /private/var/folders/tx/1rphyw7154x0k2jc1vcs5gth0000gn/T/fm-control-relaunch.50S9t4/switch-4092/home/state/rl4.git-hooks/post-checkout: Permission denied
rm: /private/var/folders/tx/1rphyw7154x0k2jc1vcs5gth0000gn/T/fm-control-relaunch.50S9t4/switch-4092/home/state/rl4.git-hooks/post-applypatch: Permission denied
rm: /private/var/folders/tx/1rphyw7154x0k2jc1vcs5gth0000gn/T/fm-control-relaunch.50S9t4/switch-4092/home/state/rl4.git-hooks/post-rewrite: Permission denied
rm: /private/var/folders/tx/1rphyw7154x0k2jc1vcs5gth0000gn/T/fm-control-relaunch.50S9t4/switch-4092/home/state/rl4.git-hooks/commit-msg: Permission denied
rm: /private/var/folders/tx/1rphyw7154x0k2jc1vcs5gth0000gn/T/fm-control-relaunch.50S9t4/switch-4092/home/state/rl4.git-hooks/pre-push: Permission denied
rm: /private/var/folders/tx/1rphyw7154x0k2jc1vcs5gth0000gn/T/fm-control-relaunch.50S9t4/switch-4092/home/state/rl4.git-hooks/post-merge: Permission denied
rm: /private/var/folders/tx/1rphyw7154x0k2jc1vcs5gth0000gn/T/fm-control-relaunch.50S9t4/switch-4092/home/state/rl4.git-hooks/pre-commit: Permission denied
rm: /private/var/folders/tx/1rphyw7154x0k2jc1vcs5gth0000gn/T/fm-control-relaunch.50S9t4/switch-4092/home/state/rl4.git-hooks: Directory not empty
rm: /private/var/folders/tx/1rphyw7154x0k2jc1vcs5gth0000gn/T/fm-control-relaunch.50S9t4/switch-4092/home/state: Directory not empty
rm: /private/var/folders/tx/1rphyw7154x0k2jc1vcs5gth0000gn/T/fm-control-relaunch.50S9t4/switch-4092/home: Directory not empty
rm: /private/var/folders/tx/1rphyw7154x0k2jc1vcs5gth0000gn/T/fm-control-relaunch.50S9t4/switch-4092: Directory not empty
rm: /private/var/folders/tx/1rphyw7154x0k2jc1vcs5gth0000gn/T/fm-control-relaunch.50S9t4/spawnharness-21542/home/state/rl21.git-hooks/pre-rebase: Permission denied
rm: /private/var/folders/tx/1rphyw7154x0k2jc1vcs5gth0000gn/T/fm-control-relaunch.50S9t4/spawnharness-21542/home/state/rl21.git-hooks/pre-applypatch: Permission denied
rm: /private/var/folders/tx/1rphyw7154x0k2jc1vcs5gth0000gn/T/fm-control-relaunch.50S9t4/spawnharness-21542/home/state/rl21.git-hooks/pre-auto-gc: Permission denied
rm: /private/var/folders/tx/1rphyw7154x0k2jc1vcs5gth0000gn/T/fm-control-relaunch.50S9t4/spawnharness-21542/home/state/rl21.git-hooks/pre-merge-commit: Permission denied
rm: /private/var/folders/tx/1rphyw7154x0k2jc1vcs5gth0000gn/T/fm-control-relaunch.50S9t4/spawnharness-21542/home/state/rl21.git-hooks/post-commit: Permission denied
rm: /private/var/folders/tx/1rphyw7154x0k2jc1vcs5gth0000gn/T/fm-control-relaunch.50S9t4/spawnharness-21542/home/state/rl21.git-hooks/sendemail-validate: Permission denied
rm: /private/var/folders/tx/1rphyw7154x0k2jc1vcs5gth0000gn/T/fm-control-relaunch.50S9t4/spawnharness-21542/home/state/rl21.git-hooks/applypatch-msg: Permission denied
rm: /private/var/folders/tx/1rphyw7154x0k2jc1vcs5gth0000gn/T/fm-control-relaunch.50S9t4/spawnharness-21542/home/state/rl21.git-hooks/prepare-commit-msg: Permission denied
rm: /private/var/folders/tx/1rphyw7154x0k2jc1vcs5gth0000gn/T/fm-control-relaunch.50S9t4/spawnharness-21542/home/state/rl21.git-hooks/post-checkout: Permission denied
rm: /private/var/folders/tx/1rphyw7154x0k2jc1vcs5gth0000gn/T/fm-control-relaunch.50S9t4/spawnharness-21542/home/state/rl21.git-hooks/post-applypatch: Permission denied
rm: /private/var/folders/tx/1rphyw7154x0k2jc1vcs5gth0000gn/T/fm-control-relaunch.50S9t4/spawnharness-21542/home/state/rl21.git-hooks/post-rewrite: Permission denied
rm: /private/var/folders/tx/1rphyw7154x0k2jc1vcs5gth0000gn/T/fm-control-relaunch.50S9t4/spawnharness-21542/home/state/rl21.git-hooks/commit-msg: Permission denied
rm: /private/var/folders/tx/1rphyw7154x0k2jc1vcs5gth0000gn/T/fm-control-relaunch.50S9t4/spawnharness-21542/home/state/rl21.git-hooks/pre-push: Permission denied
rm: /private/var/folders/tx/1rphyw7154x0k2jc1vcs5gth0000gn/T/fm-control-relaunch.50S9t4/spawnharness-21542/home/state/rl21.git-hooks/post-merge: Permission denied
rm: /private/var/folders/tx/1rphyw7154x0k2jc1vcs5gth0000gn/T/fm-control-relaunch.50S9t4/spawnharness-21542/home/state/rl21.git-hooks/pre-commit: Permission denied
rm: /private/var/folders/tx/1rphyw7154x0k2jc1vcs5gth0000gn/T/fm-control-relaunch.50S9t4/spawnharness-21542/home/state/rl21.git-hooks: Directory not empty
rm: /private/var/folders/tx/1rphyw7154x0k2jc1vcs5gth0000gn/T/fm-control-relaunch.50S9t4/spawnharness-21542/home/state: Directory not empty
rm: /private/var/folders/tx/1rphyw7154x0k2jc1vcs5gth0000gn/T/fm-control-relaunch.50S9t4/spawnharness-21542/home: Directory not empty
rm: /private/var/folders/tx/1rphyw7154x0k2jc1vcs5gth0000gn/T/fm-control-relaunch.50S9t4/spawnharness-21542: Directory not empty
rm: /private/var/folders/tx/1rphyw7154x0k2jc1vcs5gth0000gn/T/fm-control-relaunch.50S9t4/gone-herdr-19425/home/state/rl68.git-hooks/pre-rebase: Permission denied
rm: /private/var/folders/tx/1rphyw7154x0k2jc1vcs5gth0000gn/T/fm-control-relaunch.50S9t4/gone-herdr-19425/home/state/rl68.git-hooks/pre-applypatch: Permission denied
rm: /private/var/folders/tx/1rphyw7154x0k2jc1vcs5gth0000gn/T/fm-control-relaunch.50S9t4/gone-herdr-19425/home/state/rl68.git-hooks/pre-auto-gc: Permission denied
rm: /private/var/folders/tx/1rphyw7154x0k2jc1vcs5gth0000gn/T/fm-control-relaunch.50S9t4/gone-herdr-19425/home/state/rl68.git-hooks/pre-merge-commit: Permission denied
rm: /private/var/folders/tx/1rphyw7154x0k2jc1vcs5gth0000gn/T/fm-control-relaunch.50S9t4/gone-herdr-19425/home/state/rl68.git-hooks/post-commit: Permission denied
rm: /private/var/folders/tx/1rphyw7154x0k2jc1vcs5gth0000gn/T/fm-control-relaunch.50S9t4/gone-herdr-19425/home/state/rl68.git-hooks/sendemail-validate: Permission denied
rm: /private/var/folders/tx/1rphyw7154x0k2jc1vcs5gth0000gn/T/fm-control-relaunch.50S9t4/gone-herdr-19425/home/state/rl68.git-hooks/applypatch-msg: Permission denied
rm: /private/var/folders/tx/1rphyw7154x0k2jc1vcs5gth0000gn/T/fm-control-relaunch.50S9t4/gone-herdr-19425/home/state/rl68.git-hooks/prepare-commit-msg: Permission denied
rm: /private/var/folders/tx/1rphyw7154x0k2jc1vcs5gth0000gn/T/fm-control-relaunch.50S9t4/gone-herdr-19425/home/state/rl68.git-hooks/post-checkout: Permission denied
rm: /private/var/folders/tx/1rphyw7154x0k2jc1vcs5gth0000gn/T/fm-control-relaunch.50S9t4/gone-herdr-19425/home/state/rl68.git-hooks/post-applypatch: Permission denied
rm: /private/var/folders/tx/1rphyw7154x0k2jc1vcs5gth0000gn/T/fm-control-relaunch.50S9t4/gone-herdr-19425/home/state/rl68.git-hooks/post-rewrite: Permission denied
rm: /private/var/folders/tx/1rphyw7154x0k2jc1vcs5gth0000gn/T/fm-control-relaunch.50S9t4/gone-herdr-19425/home/state/rl68.git-hooks/commit-msg: Permission denied
rm: /private/var/folders/tx/1rphyw7154x0k2jc1vcs5gth0000gn/T/fm-control-relaunch.50S9t4/gone-herdr-19425/home/state/rl68.git-hooks/pre-push: Permission denied
rm: /private/var/folders/tx/1rphyw7154x0k2jc1vcs5gth0000gn/T/fm-control-relaunch.50S9t4/gone-herdr-19425/home/state/rl68.git-hooks/post-merge: Permission denied
rm: /private/var/folders/tx/1rphyw7154x0k2jc1vcs5gth0000gn/T/fm-control-relaunch.50S9t4/gone-herdr-19425/home/state/rl68.git-hooks/pre-commit: Permission denied
rm: /private/var/folders/tx/1rphyw7154x0k2jc1vcs5gth0000gn/T/fm-control-relaunch.50S9t4/gone-herdr-19425/home/state/rl68.git-hooks: Directory not empty
rm: /private/var/folders/tx/1rphyw7154x0k2jc1vcs5gth0000gn/T/fm-control-relaunch.50S9t4/gone-herdr-19425/home/state: Directory not empty
rm: /private/var/folders/tx/1rphyw7154x0k2jc1vcs5gth0000gn/T/fm-control-relaunch.50S9t4/gone-herdr-19425/home: Directory not empty
rm: /private/var/folders/tx/1rphyw7154x0k2jc1vcs5gth0000gn/T/fm-control-relaunch.50S9t4/gone-herdr-19425: Directory not empty
rm: /private/var/folders/tx/1rphyw7154x0k2jc1vcs5gth0000gn/T/fm-control-relaunch.50S9t4/resume-claude-13391/home/state/resume-claude.git-hooks/pre-rebase: Permission denied
rm: /private/var/folders/tx/1rphyw7154x0k2jc1vcs5gth0000gn/T/fm-control-relaunch.50S9t4/resume-claude-13391/home/state/resume-claude.git-hooks/pre-applypatch: Permission denied
rm: /private/var/folders/tx/1rphyw7154x0k2jc1vcs5gth0000gn/T/fm-control-relaunch.50S9t4/resume-claude-13391/home/state/resume-claude.git-hooks/pre-auto-gc: Permission denied
rm: /private/var/folders/tx/1rphyw7154x0k2jc1vcs5gth0000gn/T/fm-control-relaunch.50S9t4/resume-claude-13391/home/state/resume-claude.git-hooks/pre-merge-commit: Permission denied
rm: /private/var/folders/tx/1rphyw7154x0k2jc1vcs5gth0000gn/T/fm-control-relaunch.50S9t4/resume-claude-13391/home/state/resume-claude.git-hooks/post-commit: Permission denied
rm: /private/var/folders/tx/1rphyw7154x0k2jc1vcs5gth0000gn/T/fm-control-relaunch.50S9t4/resume-claude-13391/home/state/resume-claude.git-hooks/sendemail-validate: Permission denied
rm: /private/var/folders/tx/1rphyw7154x0k2jc1vcs5gth0000gn/T/fm-control-relaunch.50S9t4/resume-claude-13391/home/state/resume-claude.git-hooks/applypatch-msg: Permission denied
rm: /private/var/folders/tx/1rphyw7154x0k2jc1vcs5gth0000gn/T/fm-control-relaunch.50S9t4/resume-claude-13391/home/state/resume-claude.git-hooks/prepare-commit-msg: Permission denied
rm: /private/var/folders/tx/1rphyw7154x0k2jc1vcs5gth0000gn/T/fm-control-relaunch.50S9t4/resume-claude-13391/home/state/resume-claude.git-hooks/post-checkout: Permission denied
rm: /private/var/folders/tx/1rphyw7154x0k2jc1vcs5gth0000gn/T/fm-control-relaunch.50S9t4/resume-claude-13391/home/state/resume-claude.git-hooks/post-applypatch: Permission denied
rm: /private/var/folders/tx/1rphyw7154x0k2jc1vcs5gth0000gn/T/fm-control-relaunch.50S9t4/resume-claude-13391/home/state/resume-claude.git-hooks/post-rewrite: Permission denied
rm: /private/var/folders/tx/1rphyw7154x0k2jc1vcs5gth0000gn/T/fm-control-relaunch.50S9t4/resume-claude-13391/home/state/resume-claude.git-hooks/commit-msg: Permission denied
rm: /private/var/folders/tx/1rphyw7154x0k2jc1vcs5gth0000gn/T/fm-control-relaunch.50S9t4/resume-claude-13391/home/state/resume-claude.git-hooks/pre-push: Permission denied
rm: /private/var/folders/tx/1rphyw7154x0k2jc1vcs5gth0000gn/T/fm-control-relaunch.50S9t4/resume-claude-13391/home/state/resume-claude.git-hooks/post-merge: Permission denied
rm: /private/var/folders/tx/1rphyw7154x0k2jc1vcs5gth0000gn/T/fm-control-relaunch.50S9t4/resume-claude-13391/home/state/resume-claude.git-hooks/pre-commit: Permission denied
rm: /private/var/folders/tx/1rphyw7154x0k2jc1vcs5gth0000gn/T/fm-control-relaunch.50S9t4/resume-claude-13391/home/state/resume-claude.git-hooks: Directory not empty
rm: /private/var/folders/tx/1rphyw7154x0k2jc1vcs5gth0000gn/T/fm-control-relaunch.50S9t4/resume-claude-13391/home/state: Directory not empty
rm: /private/var/folders/tx/1rphyw7154x0k2jc1vcs5gth0000gn/T/fm-control-relaunch.50S9t4/resume-claude-13391/home: Directory not empty
rm: /private/var/folders/tx/1rphyw7154x0k2jc1vcs5gth0000gn/T/fm-control-relaunch.50S9t4/resume-claude-13391: Directory not empty
rm: /private/var/folders/tx/1rphyw7154x0k2jc1vcs5gth0000gn/T/fm-control-relaunch.50S9t4/native-ultra-30642/home/state/rl-ultra.git-hooks/pre-rebase: Permission denied
rm: /private/var/folders/tx/1rphyw7154x0k2jc1vcs5gth0000gn/T/fm-control-relaunch.50S9t4/native-ultra-30642/home/state/rl-ultra.git-hooks/pre-applypatch: Permission denied
rm: /private/var/folders/tx/1rphyw7154x0k2jc1vcs5gth0000gn/T/fm-control-relaunch.50S9t4/native-ultra-30642/home/state/rl-ultra.git-hooks/pre-auto-gc: Permission denied
rm: /private/var/folders/tx/1rphyw7154x0k2jc1vcs5gth0000gn/T/fm-control-relaunch.50S9t4/native-ultra-30642/home/state/rl-ultra.git-hooks/pre-merge-commit: Permission denied
rm: /private/var/folders/tx/1rphyw7154x0k2jc1vcs5gth0000gn/T/fm-control-relaunch.50S9t4/native-ultra-30642/home/state/rl-ultra.git-hooks/post-commit: Permission denied
rm: /private/var/folders/tx/1rphyw7154x0k2jc1vcs5gth0000gn/T/fm-control-relaunch.50S9t4/native-ultra-30642/home/state/rl-ultra.git-hooks/sendemail-validate: Permission denied
rm: /private/var/folders/tx/1rphyw7154x0k2jc1vcs5gth0000gn/T/fm-control-relaunch.50S9t4/native-ultra-30642/home/state/rl-ultra.git-hooks/applypatch-msg: Permission denied
rm: /private/var/folders/tx/1rphyw7154x0k2jc1vcs5gth0000gn/T/fm-control-relaunch.50S9t4/native-ultra-30642/home/state/rl-ultra.git-hooks/prepare-commit-msg: Permission denied
rm: /private/var/folders/tx/1rphyw7154x0k2jc1vcs5gth0000gn/T/fm-control-relaunch.50S9t4/native-ultra-30642/home/state/rl-ultra.git-hooks/post-checkout: Permission denied
rm: /private/var/folders/tx/1rphyw7154x0k2jc1vcs5gth0000gn/T/fm-control-relaunch.50S9t4/native-ultra-30642/home/state/rl-ultra.git-hooks/post-applypatch: Permission denied
rm: /private/var/folders/tx/1rphyw7154x0k2jc1vcs5gth0000gn/T/fm-control-relaunch.50S9t4/native-ultra-30642/home/state/rl-ultra.git-hooks/post-rewrite: Permission denied
rm: /private/var/folders/tx/1rphyw7154x0k2jc1vcs5gth0000gn/T/fm-control-relaunch.50S9t4/native-ultra-30642/home/state/rl-ultra.git-hooks/commit-msg: Permission denied
rm: /private/var/folders/tx/1rphyw7154x0k2jc1vcs5gth0000gn/T/fm-control-relaunch.50S9t4/native-ultra-30642/home/state/rl-ultra.git-hooks/pre-push: Permission denied
rm: /private/var/folders/tx/1rphyw7154x0k2jc1vcs5gth0000gn/T/fm-control-relaunch.50S9t4/native-ultra-30642/home/state/rl-ultra.git-hooks/post-merge: Permission denied
rm: /private/var/folders/tx/1rphyw7154x0k2jc1vcs5gth0000gn/T/fm-control-relaunch.50S9t4/native-ultra-30642/home/state/rl-ultra.git-hooks/pre-commit: Permission denied
rm: /private/var/folders/tx/1rphyw7154x0k2jc1vcs5gth0000gn/T/fm-control-relaunch.50S9t4/native-ultra-30642/home/state/rl-ultra.git-hooks: Directory not empty
rm: /private/var/folders/tx/1rphyw7154x0k2jc1vcs5gth0000gn/T/fm-control-relaunch.50S9t4/native-ultra-30642/home/state: Directory not empty
rm: /private/var/folders/tx/1rphyw7154x0k2jc1vcs5gth0000gn/T/fm-control-relaunch.50S9t4/native-ultra-30642/home: Directory not empty
rm: /private/var/folders/tx/1rphyw7154x0k2jc1vcs5gth0000gn/T/fm-control-relaunch.50S9t4/native-ultra-30642: Directory not empty
rm: /private/var/folders/tx/1rphyw7154x0k2jc1vcs5gth0000gn/T/fm-control-relaunch.50S9t4/promoted-scout-no-mistakes-19292/home/state/rl-promoted-no-mistakes.git-hooks/pre-rebase: Permission denied
rm: /private/var/folders/tx/1rphyw7154x0k2jc1vcs5gth0000gn/T/fm-control-relaunch.50S9t4/promoted-scout-no-mistakes-19292/home/state/rl-promoted-no-mistakes.git-hooks/pre-applypatch: Permission denied
rm: /private/var/folders/tx/1rphyw7154x0k2jc1vcs5gth0000gn/T/fm-control-relaunch.50S9t4/promoted-scout-no-mistakes-19292/home/state/rl-promoted-no-mistakes.git-hooks/pre-auto-gc: Permission denied
rm: /private/var/folders/tx/1rphyw7154x0k2jc1vcs5gth0000gn/T/fm-control-relaunch.50S9t4/promoted-scout-no-mistakes-19292/home/state/rl-promoted-no-mistakes.git-hooks/pre-merge-commit: Permission denied
rm: /private/var/folders/tx/1rphyw7154x0k2jc1vcs5gth0000gn/T/fm-control-relaunch.50S9t4/promoted-scout-no-mistakes-19292/home/state/rl-promoted-no-mistakes.git-hooks/post-commit: Permission denied
rm: /private/var/folders/tx/1rphyw7154x0k2jc1vcs5gth0000gn/T/fm-control-relaunch.50S9t4/promoted-scout-no-mistakes-19292/home/state/rl-promoted-no-mistakes.git-hooks/sendemail-validate: Permission denied
rm: /private/var/folders/tx/1rphyw7154x0k2jc1vcs5gth0000gn/T/fm-control-relaunch.50S9t4/promoted-scout-no-mistakes-19292/home/state/rl-promoted-no-mistakes.git-hooks/applypatch-msg: Permission denied
rm: /private/var/folders/tx/1rphyw7154x0k2jc1vcs5gth0000gn/T/fm-control-relaunch.50S9t4/promoted-scout-no-mistakes-19292/home/state/rl-promoted-no-mistakes.git-hooks/prepare-commit-msg: Permission denied
rm: /private/var/folders/tx/1rphyw7154x0k2jc1vcs5gth0000gn/T/fm-control-relaunch.50S9t4/promoted-scout-no-mistakes-19292/home/state/rl-promoted-no-mistakes.git-hooks/post-checkout: Permission denied
rm: /private/var/folders/tx/1rphyw7154x0k2jc1vcs5gth0000gn/T/fm-control-relaunch.50S9t4/promoted-scout-no-mistakes-19292/home/state/rl-promoted-no-mistakes.git-hooks/post-applypatch: Permission denied
rm: /private/var/folders/tx/1rphyw7154x0k2jc1vcs5gth0000gn/T/fm-control-relaunch.50S9t4/promoted-scout-no-mistakes-19292/home/state/rl-promoted-no-mistakes.git-hooks/post-rewrite: Permission denied
rm: /private/var/folders/tx/1rphyw7154x0k2jc1vcs5gth0000gn/T/fm-control-relaunch.50S9t4/promoted-scout-no-mistakes-19292/home/state/rl-promoted-no-mistakes.git-hooks/commit-msg: Permission denied
rm: /private/var/folders/tx/1rphyw7154x0k2jc1vcs5gth0000gn/T/fm-control-relaunch.50S9t4/promoted-scout-no-mistakes-19292/home/state/rl-promoted-no-mistakes.git-hooks/pre-push: Permission denied
rm: /private/var/folders/tx/1rphyw7154x0k2jc1vcs5gth0000gn/T/fm-control-relaunch.50S9t4/promoted-scout-no-mistakes-19292/home/state/rl-promoted-no-mistakes.git-hooks/post-merge: Permission denied
rm: /private/var/folders/tx/1rphyw7154x0k2jc1vcs5gth0000gn/T/fm-control-relaunch.50S9t4/promoted-scout-no-mistakes-19292/home/state/rl-promoted-no-mistakes.git-hooks/pre-commit: Permission denied
rm: /private/var/folders/tx/1rphyw7154x0k2jc1vcs5gth0000gn/T/fm-control-relaunch.50S9t4/promoted-scout-no-mistakes-19292/home/state/rl-promoted-no-mistakes.git-hooks: Directory not empty
rm: /private/var/folders/tx/1rphyw7154x0k2jc1vcs5gth0000gn/T/fm-control-relaunch.50S9t4/promoted-scout-no-mistakes-19292/home/state: Directory not empty
rm: /private/var/folders/tx/1rphyw7154x0k2jc1vcs5gth0000gn/T/fm-control-relaunch.50S9t4/promoted-scout-no-mistakes-19292/home: Directory not empty
rm: /private/var/folders/tx/1rphyw7154x0k2jc1vcs5gth0000gn/T/fm-control-relaunch.50S9t4/promoted-scout-no-mistakes-19292: Directory not empty
rm: /private/var/folders/tx/1rphyw7154x0k2jc1vcs5gth0000gn/T/fm-control-relaunch.50S9t4/profile-5713/home/state/rl5.git-hooks/pre-rebase: Permission denied
rm: /private/var/folders/tx/1rphyw7154x0k2jc1vcs5gth0000gn/T/fm-control-relaunch.50S9t4/profile-5713/home/state/rl5.git-hooks/pre-applypatch: Permission denied
rm: /private/var/folders/tx/1rphyw7154x0k2jc1vcs5gth0000gn/T/fm-control-relaunch.50S9t4/profile-5713/home/state/rl5.git-hooks/pre-auto-gc: Permission denied
rm: /private/var/folders/tx/1rphyw7154x0k2jc1vcs5gth0000gn/T/fm-control-relaunch.50S9t4/profile-5713/home/state/rl5.git-hooks/pre-merge-commit: Permission denied
rm: /private/var/folders/tx/1rphyw7154x0k2jc1vcs5gth0000gn/T/fm-control-relaunch.50S9t4/profile-5713/home/state/rl5.git-hooks/post-commit: Permission denied
rm: /private/var/folders/tx/1rphyw7154x0k2jc1vcs5gth0000gn/T/fm-control-relaunch.50S9t4/profile-5713/home/state/rl5.git-hooks/sendemail-validate: Permission denied
rm: /private/var/folders/tx/1rphyw7154x0k2jc1vcs5gth0000gn/T/fm-control-relaunch.50S9t4/profile-5713/home/state/rl5.git-hooks/applypatch-msg: Permission denied
rm: /private/var/folders/tx/1rphyw7154x0k2jc1vcs5gth0000gn/T/fm-control-relaunch.50S9t4/profile-5713/home/state/rl5.git-hooks/prepare-commit-msg: Permission denied
rm: /private/var/folders/tx/1rphyw7154x0k2jc1vcs5gth0000gn/T/fm-control-relaunch.50S9t4/profile-5713/home/state/rl5.git-hooks/post-checkout: Permission denied
rm: /private/var/folders/tx/1rphyw7154x0k2jc1vcs5gth0000gn/T/fm-control-relaunch.50S9t4/profile-5713/home/state/rl5.git-hooks/post-applypatch: Permission denied
rm: /private/var/folders/tx/1rphyw7154x0k2jc1vcs5gth0000gn/T/fm-control-relaunch.50S9t4/profile-5713/home/state/rl5.git-hooks/post-rewrite: Permission denied
rm: /private/var/folders/tx/1rphyw7154x0k2jc1vcs5gth0000gn/T/fm-control-relaunch.50S9t4/profile-5713/home/state/rl5.git-hooks/commit-msg: Permission denied
rm: /private/var/folders/tx/1rphyw7154x0k2jc1vcs5gth0000gn/T/fm-control-relaunch.50S9t4/profile-5713/home/state/rl5.git-hooks/pre-push: Permission denied
rm: /private/var/folders/tx/1rphyw7154x0k2jc1vcs5gth0000gn/T/fm-control-relaunch.50S9t4/profile-5713/home/state/rl5.git-hooks/post-merge: Permission denied
rm: /private/var/folders/tx/1rphyw7154x0k2jc1vcs5gth0000gn/T/fm-control-relaunch.50S9t4/profile-5713/home/state/rl5.git-hooks/pre-commit: Permission denied
rm: /private/var/folders/tx/1rphyw7154x0k2jc1vcs5gth0000gn/T/fm-control-relaunch.50S9t4/profile-5713/home/state/rl5.git-hooks: Directory not empty
rm: /private/var/folders/tx/1rphyw7154x0k2jc1vcs5gth0000gn/T/fm-control-relaunch.50S9t4/profile-5713/home/state: Directory not empty
rm: /private/var/folders/tx/1rphyw7154x0k2jc1vcs5gth0000gn/T/fm-control-relaunch.50S9t4/profile-5713/home: Directory not empty
rm: /private/var/folders/tx/1rphyw7154x0k2jc1vcs5gth0000gn/T/fm-control-relaunch.50S9t4/profile-5713: Directory not empty
rm: /private/var/folders/tx/1rphyw7154x0k2jc1vcs5gth0000gn/T/fm-control-relaunch.50S9t4/smpin-4262/home/state/sm3.git-hooks/pre-rebase: Permission denied
rm: /private/var/folders/tx/1rphyw7154x0k2jc1vcs5gth0000gn/T/fm-control-relaunch.50S9t4/smpin-4262/home/state/sm3.git-hooks/pre-applypatch: Permission denied
rm: /private/var/folders/tx/1rphyw7154x0k2jc1vcs5gth0000gn/T/fm-control-relaunch.50S9t4/smpin-4262/home/state/sm3.git-hooks/pre-auto-gc: Permission denied
rm: /private/var/folders/tx/1rphyw7154x0k2jc1vcs5gth0000gn/T/fm-control-relaunch.50S9t4/smpin-4262/home/state/sm3.git-hooks/pre-merge-commit: Permission denied
rm: /private/var/folders/tx/1rphyw7154x0k2jc1vcs5gth0000gn/T/fm-control-relaunch.50S9t4/smpin-4262/home/state/sm3.git-hooks/post-commit: Permission denied
rm: /private/var/folders/tx/1rphyw7154x0k2jc1vcs5gth0000gn/T/fm-control-relaunch.50S9t4/smpin-4262/home/state/sm3.git-hooks/sendemail-validate: Permission denied
rm: /private/var/folders/tx/1rphyw7154x0k2jc1vcs5gth0000gn/T/fm-control-relaunch.50S9t4/smpin-4262/home/state/sm3.git-hooks/applypatch-msg: Permission denied
rm: /private/var/folders/tx/1rphyw7154x0k2jc1vcs5gth0000gn/T/fm-control-relaunch.50S9t4/smpin-4262/home/state/sm3.git-hooks/prepare-commit-msg: Permission denied
rm: /private/var/folders/tx/1rphyw7154x0k2jc1vcs5gth0000gn/T/fm-control-relaunch.50S9t4/smpin-4262/home/state/sm3.git-hooks/post-checkout: Permission denied
rm: /private/var/folders/tx/1rphyw7154x0k2jc1vcs5gth0000gn/T/fm-control-relaunch.50S9t4/smpin-4262/home/state/sm3.git-hooks/post-applypatch: Permission denied
rm: /private/var/folders/tx/1rphyw7154x0k2jc1vcs5gth0000gn/T/fm-control-relaunch.50S9t4/smpin-4262/home/state/sm3.git-hooks/post-rewrite: Permission denied
rm: /private/var/folders/tx/1rphyw7154x0k2jc1vcs5gth0000gn/T/fm-control-relaunch.50S9t4/smpin-4262/home/state/sm3.git-hooks/commit-msg: Permission denied
rm: /private/var/folders/tx/1rphyw7154x0k2jc1vcs5gth0000gn/T/fm-control-relaunch.50S9t4/smpin-4262/home/state/sm3.git-hooks/pre-push: Permission denied
rm: /private/var/folders/tx/1rphyw7154x0k2jc1vcs5gth0000gn/T/fm-control-relaunch.50S9t4/smpin-4262/home/state/sm3.git-hooks/post-merge: Permission denied
rm: /private/var/folders/tx/1rphyw7154x0k2jc1vcs5gth0000gn/T/fm-control-relaunch.50S9t4/smpin-4262/home/state/sm3.git-hooks/pre-commit: Permission denied
rm: /private/var/folders/tx/1rphyw7154x0k2jc1vcs5gth0000gn/T/fm-control-relaunch.50S9t4/smpin-4262/home/state/sm3.git-hooks: Directory not empty
rm: /private/var/folders/tx/1rphyw7154x0k2jc1vcs5gth0000gn/T/fm-control-relaunch.50S9t4/smpin-4262/home/state: Directory not empty
rm: /private/var/folders/tx/1rphyw7154x0k2jc1vcs5gth0000gn/T/fm-control-relaunch.50S9t4/smpin-4262/home: Directory not empty
rm: /private/var/folders/tx/1rphyw7154x0k2jc1vcs5gth0000gn/T/fm-control-relaunch.50S9t4/smpin-4262: Directory not empty
rm: /private/var/folders/tx/1rphyw7154x0k2jc1vcs5gth0000gn/T/fm-control-relaunch.50S9t4/sm-31438/home/state/sm1.git-hooks/pre-rebase: Permission denied
rm: /private/var/folders/tx/1rphyw7154x0k2jc1vcs5gth0000gn/T/fm-control-relaunch.50S9t4/sm-31438/home/state/sm1.git-hooks/pre-applypatch: Permission denied
rm: /private/var/folders/tx/1rphyw7154x0k2jc1vcs5gth0000gn/T/fm-control-relaunch.50S9t4/sm-31438/home/state/sm1.git-hooks/pre-auto-gc: Permission denied
rm: /private/var/folders/tx/1rphyw7154x0k2jc1vcs5gth0000gn/T/fm-control-relaunch.50S9t4/sm-31438/home/state/sm1.git-hooks/pre-merge-commit: Permission denied
rm: /private/var/folders/tx/1rphyw7154x0k2jc1vcs5gth0000gn/T/fm-control-relaunch.50S9t4/sm-31438/home/state/sm1.git-hooks/post-commit: Permission denied
rm: /private/var/folders/tx/1rphyw7154x0k2jc1vcs5gth0000gn/T/fm-control-relaunch.50S9t4/sm-31438/home/state/sm1.git-hooks/sendemail-validate: Permission denied
rm: /private/var/folders/tx/1rphyw7154x0k2jc1vcs5gth0000gn/T/fm-control-relaunch.50S9t4/sm-31438/home/state/sm1.git-hooks/applypatch-msg: Permission denied
rm: /private/var/folders/tx/1rphyw7154x0k2jc1vcs5gth0000gn/T/fm-control-relaunch.50S9t4/sm-31438/home/state/sm1.git-hooks/prepare-commit-msg: Permission denied
rm: /private/var/folders/tx/1rphyw7154x0k2jc1vcs5gth0000gn/T/fm-control-relaunch.50S9t4/sm-31438/home/state/sm1.git-hooks/post-checkout: Permission denied
rm: /private/var/folders/tx/1rphyw7154x0k2jc1vcs5gth0000gn/T/fm-control-relaunch.50S9t4/sm-31438/home/state/sm1.git-hooks/post-applypatch: Permission denied
rm: /private/var/folders/tx/1rphyw7154x0k2jc1vcs5gth0000gn/T/fm-control-relaunch.50S9t4/sm-31438/home/state/sm1.git-hooks/post-rewrite: Permission denied
rm: /private/var/folders/tx/1rphyw7154x0k2jc1vcs5gth0000gn/T/fm-control-relaunch.50S9t4/sm-31438/home/state/sm1.git-hooks/commit-msg: Permission denied
rm: /private/var/folders/tx/1rphyw7154x0k2jc1vcs5gth0000gn/T/fm-control-relaunch.50S9t4/sm-31438/home/state/sm1.git-hooks/pre-push: Permission denied
rm: /private/var/folders/tx/1rphyw7154x0k2jc1vcs5gth0000gn/T/fm-control-relaunch.50S9t4/sm-31438/home/state/sm1.git-hooks/post-merge: Permission denied
rm: /private/var/folders/tx/1rphyw7154x0k2jc1vcs5gth0000gn/T/fm-control-relaunch.50S9t4/sm-31438/home/state/sm1.git-hooks/pre-commit: Permission denied
rm: /private/var/folders/tx/1rphyw7154x0k2jc1vcs5gth0000gn/T/fm-control-relaunch.50S9t4/sm-31438/home/state/sm1.git-hooks: Directory not empty
rm: /private/var/folders/tx/1rphyw7154x0k2jc1vcs5gth0000gn/T/fm-control-relaunch.50S9t4/sm-31438/home/state: Directory not empty
rm: /private/var/folders/tx/1rphyw7154x0k2jc1vcs5gth0000gn/T/fm-control-relaunch.50S9t4/sm-31438/home: Directory not empty
rm: /private/var/folders/tx/1rphyw7154x0k2jc1vcs5gth0000gn/T/fm-control-relaunch.50S9t4/sm-31438: Directory not empty
rm: /private/var/folders/tx/1rphyw7154x0k2jc1vcs5gth0000gn/T/fm-control-relaunch.50S9t4/journal-20573/home/state/rl14.git-hooks/pre-rebase: Permission denied
rm: /private/var/folders/tx/1rphyw7154x0k2jc1vcs5gth0000gn/T/fm-control-relaunch.50S9t4/journal-20573/home/state/rl14.git-hooks/pre-applypatch: Permission denied
rm: /private/var/folders/tx/1rphyw7154x0k2jc1vcs5gth0000gn/T/fm-control-relaunch.50S9t4/journal-20573/home/state/rl14.git-hooks/pre-auto-gc: Permission denied
rm: /private/var/folders/tx/1rphyw7154x0k2jc1vcs5gth0000gn/T/fm-control-relaunch.50S9t4/journal-20573/home/state/rl14.git-hooks/pre-merge-commit: Permission denied
rm: /private/var/folders/tx/1rphyw7154x0k2jc1vcs5gth0000gn/T/fm-control-relaunch.50S9t4/journal-20573/home/state/rl14.git-hooks/post-commit: Permission denied
rm: /private/var/folders/tx/1rphyw7154x0k2jc1vcs5gth0000gn/T/fm-control-relaunch.50S9t4/journal-20573/home/state/rl14.git-hooks/sendemail-validate: Permission denied
rm: /private/var/folders/tx/1rphyw7154x0k2jc1vcs5gth0000gn/T/fm-control-relaunch.50S9t4/journal-20573/home/state/rl14.git-hooks/applypatch-msg: Permission denied
rm: /private/var/folders/tx/1rphyw7154x0k2jc1vcs5gth0000gn/T/fm-control-relaunch.50S9t4/journal-20573/home/state/rl14.git-hooks/prepare-commit-msg: Permission denied
rm: /private/var/folders/tx/1rphyw7154x0k2jc1vcs5gth0000gn/T/fm-control-relaunch.50S9t4/journal-20573/home/state/rl14.git-hooks/post-checkout: Permission denied
rm: /private/var/folders/tx/1rphyw7154x0k2jc1vcs5gth0000gn/T/fm-control-relaunch.50S9t4/journal-20573/home/state/rl14.git-hooks/post-applypatch: Permission denied
rm: /private/var/folders/tx/1rphyw7154x0k2jc1vcs5gth0000gn/T/fm-control-relaunch.50S9t4/journal-20573/home/state/rl14.git-hooks/post-rewrite: Permission denied
rm: /private/var/folders/tx/1rphyw7154x0k2jc1vcs5gth0000gn/T/fm-control-relaunch.50S9t4/journal-20573/home/state/rl14.git-hooks/commit-msg: Permission denied
rm: /private/var/folders/tx/1rphyw7154x0k2jc1vcs5gth0000gn/T/fm-control-relaunch.50S9t4/journal-20573/home/state/rl14.git-hooks/pre-push: Permission denied
rm: /private/var/folders/tx/1rphyw7154x0k2jc1vcs5gth0000gn/T/fm-control-relaunch.50S9t4/journal-20573/home/state/rl14.git-hooks/post-merge: Permission denied
rm: /private/var/folders/tx/1rphyw7154x0k2jc1vcs5gth0000gn/T/fm-control-relaunch.50S9t4/journal-20573/home/state/rl14.git-hooks/pre-commit: Permission denied
rm: /private/var/folders/tx/1rphyw7154x0k2jc1vcs5gth0000gn/T/fm-control-relaunch.50S9t4/journal-20573/home/state/rl14.git-hooks: Directory not empty
rm: /private/var/folders/tx/1rphyw7154x0k2jc1vcs5gth0000gn/T/fm-control-relaunch.50S9t4/journal-20573/home/state: Directory not empty
rm: /private/var/folders/tx/1rphyw7154x0k2jc1vcs5gth0000gn/T/fm-control-relaunch.50S9t4/journal-20573/home: Directory not empty
rm: /private/var/folders/tx/1rphyw7154x0k2jc1vcs5gth0000gn/T/fm-control-relaunch.50S9t4/journal-20573: Directory not empty
rm: /private/var/folders/tx/1rphyw7154x0k2jc1vcs5gth0000gn/T/fm-control-relaunch.50S9t4/gone-herdr-pin-10036/home/state/rl73.git-hooks/pre-rebase: Permission denied
rm: /private/var/folders/tx/1rphyw7154x0k2jc1vcs5gth0000gn/T/fm-control-relaunch.50S9t4/gone-herdr-pin-10036/home/state/rl73.git-hooks/pre-applypatch: Permission denied
rm: /private/var/folders/tx/1rphyw7154x0k2jc1vcs5gth0000gn/T/fm-control-relaunch.50S9t4/gone-herdr-pin-10036/home/state/rl73.git-hooks/pre-auto-gc: Permission denied
rm: /private/var/folders/tx/1rphyw7154x0k2jc1vcs5gth0000gn/T/fm-control-relaunch.50S9t4/gone-herdr-pin-10036/home/state/rl73.git-hooks/pre-merge-commit: Permission denied
rm: /private/var/folders/tx/1rphyw7154x0k2jc1vcs5gth0000gn/T/fm-control-relaunch.50S9t4/gone-herdr-pin-10036/home/state/rl73.git-hooks/post-commit: Permission denied
rm: /private/var/folders/tx/1rphyw7154x0k2jc1vcs5gth0000gn/T/fm-control-relaunch.50S9t4/gone-herdr-pin-10036/home/state/rl73.git-hooks/sendemail-validate: Permission denied
rm: /private/var/folders/tx/1rphyw7154x0k2jc1vcs5gth0000gn/T/fm-control-relaunch.50S9t4/gone-herdr-pin-10036/home/state/rl73.git-hooks/applypatch-msg: Permission denied
rm: /private/var/folders/tx/1rphyw7154x0k2jc1vcs5gth0000gn/T/fm-control-relaunch.50S9t4/gone-herdr-pin-10036/home/state/rl73.git-hooks/prepare-commit-msg: Permission denied
rm: /private/var/folders/tx/1rphyw7154x0k2jc1vcs5gth0000gn/T/fm-control-relaunch.50S9t4/gone-herdr-pin-10036/home/state/rl73.git-hooks/post-checkout: Permission denied
rm: /private/var/folders/tx/1rphyw7154x0k2jc1vcs5gth0000gn/T/fm-control-relaunch.50S9t4/gone-herdr-pin-10036/home/state/rl73.git-hooks/post-applypatch: Permission denied
rm: /private/var/folders/tx/1rphyw7154x0k2jc1vcs5gth0000gn/T/fm-control-relaunch.50S9t4/gone-herdr-pin-10036/home/state/rl73.git-hooks/post-rewrite: Permission denied
rm: /private/var/folders/tx/1rphyw7154x0k2jc1vcs5gth0000gn/T/fm-control-relaunch.50S9t4/gone-herdr-pin-10036/home/state/rl73.git-hooks/commit-msg: Permission denied
rm: /private/var/folders/tx/1rphyw7154x0k2jc1vcs5gth0000gn/T/fm-control-relaunch.50S9t4/gone-herdr-pin-10036/home/state/rl73.git-hooks/pre-push: Permission denied
rm: /private/var/folders/tx/1rphyw7154x0k2jc1vcs5gth0000gn/T/fm-control-relaunch.50S9t4/gone-herdr-pin-10036/home/state/rl73.git-hooks/post-merge: Permission denied
rm: /private/var/folders/tx/1rphyw7154x0k2jc1vcs5gth0000gn/T/fm-control-relaunch.50S9t4/gone-herdr-pin-10036/home/state/rl73.git-hooks/pre-commit: Permission denied
rm: /private/var/folders/tx/1rphyw7154x0k2jc1vcs5gth0000gn/T/fm-control-relaunch.50S9t4/gone-herdr-pin-10036/home/state/rl73.git-hooks: Directory not empty
rm: /private/var/folders/tx/1rphyw7154x0k2jc1vcs5gth0000gn/T/fm-control-relaunch.50S9t4/gone-herdr-pin-10036/home/state: Directory not empty
rm: /private/var/folders/tx/1rphyw7154x0k2jc1vcs5gth0000gn/T/fm-control-relaunch.50S9t4/gone-herdr-pin-10036/home: Directory not empty
rm: /private/var/folders/tx/1rphyw7154x0k2jc1vcs5gth0000gn/T/fm-control-relaunch.50S9t4/gone-herdr-pin-10036: Directory not empty
rm: /private/var/folders/tx/1rphyw7154x0k2jc1vcs5gth0000gn/T/fm-control-relaunch.50S9t4/gone-herdr-work-22244/home/state/rl75.git-hooks/pre-rebase: Permission denied
rm: /private/var/folders/tx/1rphyw7154x0k2jc1vcs5gth0000gn/T/fm-control-relaunch.50S9t4/gone-herdr-work-22244/home/state/rl75.git-hooks/pre-applypatch: Permission denied
rm: /private/var/folders/tx/1rphyw7154x0k2jc1vcs5gth0000gn/T/fm-control-relaunch.50S9t4/gone-herdr-work-22244/home/state/rl75.git-hooks/pre-auto-gc: Permission denied
rm: /private/var/folders/tx/1rphyw7154x0k2jc1vcs5gth0000gn/T/fm-control-relaunch.50S9t4/gone-herdr-work-22244/home/state/rl75.git-hooks/pre-merge-commit: Permission denied
rm: /private/var/folders/tx/1rphyw7154x0k2jc1vcs5gth0000gn/T/fm-control-relaunch.50S9t4/gone-herdr-work-22244/home/state/rl75.git-hooks/post-commit: Permission denied
rm: /private/var/folders/tx/1rphyw7154x0k2jc1vcs5gth0000gn/T/fm-control-relaunch.50S9t4/gone-herdr-work-22244/home/state/rl75.git-hooks/sendemail-validate: Permission denied
rm: /private/var/folders/tx/1rphyw7154x0k2jc1vcs5gth0000gn/T/fm-control-relaunch.50S9t4/gone-herdr-work-22244/home/state/rl75.git-hooks/applypatch-msg: Permission denied
rm: /private/var/folders/tx/1rphyw7154x0k2jc1vcs5gth0000gn/T/fm-control-relaunch.50S9t4/gone-herdr-work-22244/home/state/rl75.git-hooks/prepare-commit-msg: Permission denied
rm: /private/var/folders/tx/1rphyw7154x0k2jc1vcs5gth0000gn/T/fm-control-relaunch.50S9t4/gone-herdr-work-22244/home/state/rl75.git-hooks/post-checkout: Permission denied
rm: /private/var/folders/tx/1rphyw7154x0k2jc1vcs5gth0000gn/T/fm-control-relaunch.50S9t4/gone-herdr-work-22244/home/state/rl75.git-hooks/post-applypatch: Permission denied
rm: /private/var/folders/tx/1rphyw7154x0k2jc1vcs5gth0000gn/T/fm-control-relaunch.50S9t4/gone-herdr-work-22244/home/state/rl75.git-hooks/post-rewrite: Permission denied
rm: /private/var/folders/tx/1rphyw7154x0k2jc1vcs5gth0000gn/T/fm-control-relaunch.50S9t4/gone-herdr-work-22244/home/state/rl75.git-hooks/commit-msg: Permission denied
rm: /private/var/folders/tx/1rphyw7154x0k2jc1vcs5gth0000gn/T/fm-control-relaunch.50S9t4/gone-herdr-work-22244/home/state/rl75.git-hooks/pre-push: Permission denied
rm: /private/var/folders/tx/1rphyw7154x0k2jc1vcs5gth0000gn/T/fm-control-relaunch.50S9t4/gone-herdr-work-22244/home/state/rl75.git-hooks/post-merge: Permission denied
rm: /private/var/folders/tx/1rphyw7154x0k2jc1vcs5gth0000gn/T/fm-control-relaunch.50S9t4/gone-herdr-work-22244/home/state/rl75.git-hooks/pre-commit: Permission denied
rm: /private/var/folders/tx/1rphyw7154x0k2jc1vcs5gth0000gn/T/fm-control-relaunch.50S9t4/gone-herdr-work-22244/home/state/rl75.git-hooks: Directory not empty
rm: /private/var/folders/tx/1rphyw7154x0k2jc1vcs5gth0000gn/T/fm-control-relaunch.50S9t4/gone-herdr-work-22244/home/state: Directory not empty
rm: /private/var/folders/tx/1rphyw7154x0k2jc1vcs5gth0000gn/T/fm-control-relaunch.50S9t4/gone-herdr-work-22244/home: Directory not empty
rm: /private/var/folders/tx/1rphyw7154x0k2jc1vcs5gth0000gn/T/fm-control-relaunch.50S9t4/gone-herdr-work-22244: Directory not empty
rm: /private/var/folders/tx/1rphyw7154x0k2jc1vcs5gth0000gn/T/fm-control-relaunch.50S9t4/smfindrace-19078/home/state/sm6.git-hooks/pre-rebase: Permission denied
rm: /private/var/folders/tx/1rphyw7154x0k2jc1vcs5gth0000gn/T/fm-control-relaunch.50S9t4/smfindrace-19078/home/state/sm6.git-hooks/pre-applypatch: Permission denied
rm: /private/var/folders/tx/1rphyw7154x0k2jc1vcs5gth0000gn/T/fm-control-relaunch.50S9t4/smfindrace-19078/home/state/sm6.git-hooks/pre-auto-gc: Permission denied
rm: /private/var/folders/tx/1rphyw7154x0k2jc1vcs5gth0000gn/T/fm-control-relaunch.50S9t4/smfindrace-19078/home/state/sm6.git-hooks/pre-merge-commit: Permission denied
rm: /private/var/folders/tx/1rphyw7154x0k2jc1vcs5gth0000gn/T/fm-control-relaunch.50S9t4/smfindrace-19078/home/state/sm6.git-hooks/post-commit: Permission denied
rm: /private/var/folders/tx/1rphyw7154x0k2jc1vcs5gth0000gn/T/fm-control-relaunch.50S9t4/smfindrace-19078/home/state/sm6.git-hooks/sendemail-validate: Permission denied
rm: /private/var/folders/tx/1rphyw7154x0k2jc1vcs5gth0000gn/T/fm-control-relaunch.50S9t4/smfindrace-19078/home/state/sm6.git-hooks/applypatch-msg: Permission denied
rm: /private/var/folders/tx/1rphyw7154x0k2jc1vcs5gth0000gn/T/fm-control-relaunch.50S9t4/smfindrace-19078/home/state/sm6.git-hooks/prepare-commit-msg: Permission denied
rm: /private/var/folders/tx/1rphyw7154x0k2jc1vcs5gth0000gn/T/fm-control-relaunch.50S9t4/smfindrace-19078/home/state/sm6.git-hooks/post-checkout: Permission denied
rm: /private/var/folders/tx/1rphyw7154x0k2jc1vcs5gth0000gn/T/fm-control-relaunch.50S9t4/smfindrace-19078/home/state/sm6.git-hooks/post-applypatch: Permission denied
rm: /private/var/folders/tx/1rphyw7154x0k2jc1vcs5gth0000gn/T/fm-control-relaunch.50S9t4/smfindrace-19078/home/state/sm6.git-hooks/post-rewrite: Permission denied
rm: /private/var/folders/tx/1rphyw7154x0k2jc1vcs5gth0000gn/T/fm-control-relaunch.50S9t4/smfindrace-19078/home/state/sm6.git-hooks/commit-msg: Permission denied
rm: /private/var/folders/tx/1rphyw7154x0k2jc1vcs5gth0000gn/T/fm-control-relaunch.50S9t4/smfindrace-19078/home/state/sm6.git-hooks/pre-push: Permission denied
rm: /private/var/folders/tx/1rphyw7154x0k2jc1vcs5gth0000gn/T/fm-control-relaunch.50S9t4/smfindrace-19078/home/state/sm6.git-hooks/post-merge: Permission denied
rm: /private/var/folders/tx/1rphyw7154x0k2jc1vcs5gth0000gn/T/fm-control-relaunch.50S9t4/smfindrace-19078/home/state/sm6.git-hooks/pre-commit: Permission denied
rm: /private/var/folders/tx/1rphyw7154x0k2jc1vcs5gth0000gn/T/fm-control-relaunch.50S9t4/smfindrace-19078/home/state/sm6.git-hooks: Directory not empty
rm: /private/var/folders/tx/1rphyw7154x0k2jc1vcs5gth0000gn/T/fm-control-relaunch.50S9t4/smfindrace-19078/home/state: Directory not empty
rm: /private/var/folders/tx/1rphyw7154x0k2jc1vcs5gth0000gn/T/fm-control-relaunch.50S9t4/smfindrace-19078/home: Directory not empty
rm: /private/var/folders/tx/1rphyw7154x0k2jc1vcs5gth0000gn/T/fm-control-relaunch.50S9t4/smfindrace-19078: Directory not empty
rm: /private/var/folders/tx/1rphyw7154x0k2jc1vcs5gth0000gn/T/fm-control-relaunch.50S9t4/promoted-scout-local-only-10645/home/state/rl-promoted-local-only.git-hooks/pre-rebase: Permission denied
rm: /private/var/folders/tx/1rphyw7154x0k2jc1vcs5gth0000gn/T/fm-control-relaunch.50S9t4/promoted-scout-local-only-10645/home/state/rl-promoted-local-only.git-hooks/pre-applypatch: Permission denied
rm: /private/var/folders/tx/1rphyw7154x0k2jc1vcs5gth0000gn/T/fm-control-relaunch.50S9t4/promoted-scout-local-only-10645/home/state/rl-promoted-local-only.git-hooks/pre-auto-gc: Permission denied
rm: /private/var/folders/tx/1rphyw7154x0k2jc1vcs5gth0000gn/T/fm-control-relaunch.50S9t4/promoted-scout-local-only-10645/home/state/rl-promoted-local-only.git-hooks/pre-merge-commit: Permission denied
rm: /private/var/folders/tx/1rphyw7154x0k2jc1vcs5gth0000gn/T/fm-control-relaunch.50S9t4/promoted-scout-local-only-10645/home/state/rl-promoted-local-only.git-hooks/post-commit: Permission denied
rm: /private/var/folders/tx/1rphyw7154x0k2jc1vcs5gth0000gn/T/fm-control-relaunch.50S9t4/promoted-scout-local-only-10645/home/state/rl-promoted-local-only.git-hooks/sendemail-validate: Permission denied
rm: /private/var/folders/tx/1rphyw7154x0k2jc1vcs5gth0000gn/T/fm-control-relaunch.50S9t4/promoted-scout-local-only-10645/home/state/rl-promoted-local-only.git-hooks/applypatch-msg: Permission denied
rm: /private/var/folders/tx/1rphyw7154x0k2jc1vcs5gth0000gn/T/fm-control-relaunch.50S9t4/promoted-scout-local-only-10645/home/state/rl-promoted-local-only.git-hooks/prepare-commit-msg: Permission denied
rm: /private/var/folders/tx/1rphyw7154x0k2jc1vcs5gth0000gn/T/fm-control-relaunch.50S9t4/promoted-scout-local-only-10645/home/state/rl-promoted-local-only.git-hooks/post-checkout: Permission denied
rm: /private/var/folders/tx/1rphyw7154x0k2jc1vcs5gth0000gn/T/fm-control-relaunch.50S9t4/promoted-scout-local-only-10645/home/state/rl-promoted-local-only.git-hooks/post-applypatch: Permission denied
rm: /private/var/folders/tx/1rphyw7154x0k2jc1vcs5gth0000gn/T/fm-control-relaunch.50S9t4/promoted-scout-local-only-10645/home/state/rl-promoted-local-only.git-hooks/post-rewrite: Permission denied
rm: /private/var/folders/tx/1rphyw7154x0k2jc1vcs5gth0000gn/T/fm-control-relaunch.50S9t4/promoted-scout-local-only-10645/home/state/rl-promoted-local-only.git-hooks/commit-msg: Permission denied
rm: /private/var/folders/tx/1rphyw7154x0k2jc1vcs5gth0000gn/T/fm-control-relaunch.50S9t4/promoted-scout-local-only-10645/home/state/rl-promoted-local-only.git-hooks/pre-push: Permission denied
rm: /private/var/folders/tx/1rphyw7154x0k2jc1vcs5gth0000gn/T/fm-control-relaunch.50S9t4/promoted-scout-local-only-10645/home/state/rl-promoted-local-only.git-hooks/post-merge: Permission denied
rm: /private/var/folders/tx/1rphyw7154x0k2jc1vcs5gth0000gn/T/fm-control-relaunch.50S9t4/promoted-scout-local-only-10645/home/state/rl-promoted-local-only.git-hooks/pre-commit: Permission denied
rm: /private/var/folders/tx/1rphyw7154x0k2jc1vcs5gth0000gn/T/fm-control-relaunch.50S9t4/promoted-scout-local-only-10645/home/state/rl-promoted-local-only.git-hooks: Directory not empty
rm: /private/var/folders/tx/1rphyw7154x0k2jc1vcs5gth0000gn/T/fm-control-relaunch.50S9t4/promoted-scout-local-only-10645/home/state: Directory not empty
rm: /private/var/folders/tx/1rphyw7154x0k2jc1vcs5gth0000gn/T/fm-control-relaunch.50S9t4/promoted-scout-local-only-10645/home: Directory not empty
rm: /private/var/folders/tx/1rphyw7154x0k2jc1vcs5gth0000gn/T/fm-control-relaunch.50S9t4/promoted-scout-local-only-10645: Directory not empty
rm: /private/var/folders/tx/1rphyw7154x0k2jc1vcs5gth0000gn/T/fm-control-relaunch.50S9t4: Directory not empty
